?subpopbroad,subpopfine,country,route,ID,year,season,full_migration,agedeploy,agemigr,totaldistance,totaldistkm,cumulativedistance,cumulativedistkm,straightness,msd,msdkm,intensityuse,sinuosity,tac,start,end,durationdays,julian_start,julian_end,startlong,startlat,endlat,endlong
Gipuzkoa,Gipuzkoa,Spain,West,Endoia,2017,fall,n,1,1,1917003.768,1917.003768,2152093.489,2152.093489,0.89076231,1.73457E+11,173456629.1,3.7638,0.003,1.2967,9/3/17 6:00,9/11/17 17:00,8.458333333,246,254,-2.277454,43.19814,25.96828,-3.986195
Bulgaria,Bulgaria,Bulgaria,East,Iliaz,2014,spring,n,1,3,2115739.858,2115.739858,15160179.42,15160.17942,0.139559025,4.33269E+11,433268754.3,10.1671,0.0074,2.1148,3/29/14 5:00,6/17/14 23:00,80.75,88,168,20.54183,10.73583,26.60383,27.74617
Bulgaria,Bulgaria,Bulgaria,East,Iliaz,2015,fall,n,1,4,454351.2858,454.3512858,7886701.827,7886.701827,0.057609796,15938416200,15938416.2,23.2225,0.0129,2.2881,7/1/15 0:00,11/2/15 23:00,124.9583333,182,306,18.756,13.666,10.93717,21.4345
Bulgaria,Bulgaria,Bulgaria,East,Iliaz,2015,spring,n,1,4,2741528.401,2741.528401,6729689.988,6729.689988,0.407378112,1.046E+12,1046003679,4.4358,0.0073,1.7354,4/9/15 0:00,5/12/15 23:00,33.95833333,99,132,14.5345,11.30133,30.95167,27.36383
Greece,Greece,Greece,East,Levkipos,2014,spring,n,1,3,1824475.968,1824.475968,12049401.14,12049.40114,0.151416319,5.14745E+11,514744727.7,7.9899,0.0077,1.9712,4/30/14 2:00,6/22/14 23:00,53.875,120,173,26.32854,10.53062,23.91167,31.46883
Dagestan,Dagestan,Dagestan,East,Malysh,2017,fall,n,1,1,3019454.642,3019.454642,3730453.823,3730.453823,0.809406787,8.99863E+11,899863075.6,3.8603,0.0074,1.2327,9/16/17 6:00,10/2/17 17:00,16.45833333,259,275,47.18057,42.98445,22.08486,40.05538
Bulgaria,Bulgaria,Bulgaria,East,Sanie,2016,spring,n,1,4,3864778.917,3864.778917,7498363.113,7498.363113,0.515416346,1.64481E+12,1644812540,3.942,0.0071,1.9801,4/13/16 0:00,5/13/16 23:00,30.95833333,104,134,17.01617,12.8335,40.4985,34.86283
Dagestan,Dagestan,Dagestan,East,Sarygush,2017,fall,n,1,1,1190357.512,1190.357512,3131025.61,3131.02561,0.38018134,1.88474E+11,188473979.9,4.9836,0.0085,1.2769,9/7/17 6:00,9/22/17 17:00,15.45833333,250,265,46.77717,43.15854,34.69181,44.03066
Bulgaria,Bulgaria,Bulgaria,East,Svetlina,2014,spring,n,1,3,1138857.26,1138.85726,4409001.77,4409.00177,0.258302745,1.25556E+11,125556391.8,7.5502,0.0069,2.0546,5/24/14 4:00,6/10/14 22:00,17.75,144,161,40.634,10.49133,17.91383,38.27417
Galicia,Galicia,Spain,West,X2HP,2016,fall,n,1,1,1043021.925,1043.021925,2361974.598,2361.974598,0.441588968,2.0106E+11,201059711.8,3.8352,0.0064,1.9734,7/25/16 7:00,10/10/16 11:00,77.16666667,207,284,-4.100033,40.95475,31.56495,-4.679866
Galicia,Galicia,Spain,West,X2HP,2018,fall,n,1,3,1570373.042,1570.373042,1881554.859,1881.554859,0.83461454,2.26903E+11,226902827.3,3.7382,0.0047,1.6668,8/23/18 6:00,8/31/18 18:00,8.5,235,243,-5.896749,41.0609,27.06692,-8.308516
Galicia,Galicia,Spain,West,X2HP,2018,spring,n,1,3,1660930.425,1660.930425,3021064.933,3021.064933,0.549783094,1.52525E+11,152525109.8,4.8615,0.0038,1.4506,4/23/18 8:00,5/17/18 20:00,24.5,113,137,-8.257216,27.26282,42.18812,-7.422932
Galicia,Galicia,Spain,West,X2HN,2015,fall,y,1,1,3075596.98,3075.59698,5239482.488,5239.482488,0.587003962,1.03355E+12,1033552404,4.048,0.0073,1.4572,9/10/15 10:00,10/14/15 21:00,34.45833333,253,287,-7.25833,42.31167,14.61717,-7.60933
Galicia,Galicia,Spain,West,X2HN,2018,fall,y,1,4,2774733.761,2774.733761,3461319.693,3461.319693,0.801640417,1.07344E+12,1073442662,3.8747,0.0069,1.5245,9/1/18 11:00,9/22/18 22:00,21.45833333,244,265,-6.32317,40.70067,15.77667,-8.33967
Galicia,Galicia,Spain,West,X2HN,2018,spring,y,1,4,2988464.052,2988.464052,6610716.651,6610.716651,0.452063552,7.73004E+11,773004246.5,4.8263,0.0073,2.0795,3/18/18 12:00,5/5/18 23:00,48.45833333,77,125,-7.957,16.98867,43.32417,-1.29667
Galicia,Galicia,Spain,West,X95N,2018,fall,y,6,6,2788166.588,2788.166588,3090145.232,3090.145232,0.902276877,7.33531E+11,733530705.2,5.911,0.0078,1.1924,9/9/18 6:00,9/21/18 19:00,12.54166667,252,264,-3.633915,41.48524,16.68288,-8.286997
Galicia,Galicia,Spain,West,X95P,2018,fall,y,1,1,3058447.313,3058.447313,5116371.892,5116.371892,0.597776584,8.30276E+11,830275883.6,5.1876,0.0111,1.7518,9/23/18 7:00,11/5/18 19:00,43.5,266,309,-6.739962,39.0414,13.2379,-16.73452
Galicia,Galicia,Spain,West,X95R,2016,fall,y,1,1,2928872.657,2928.872657,4094111.754,4094.111754,0.715386592,1.08292E+12,1082920964,4.1353,0.0097,1.6365,9/7/16 7:00,10/1/16 21:00,24.58333333,251,275,-5.375783,43.25449,16.87701,-3.548494
Galicia,Galicia,Spain,West,X9FH,2017,fall,y,1,1,2984699.358,2984.699358,5034565.572,5034.565572,0.592841491,9.60175E+11,960174519.4,4.7019,0.0125,1.9109,10/8/17 0:00,11/21/17 23:00,44.95833333,281,325,-6.81,39.65686,14.57025,-16.92398
Galicia,Galicia,Spain,West,X9FJ,2017,fall,y,1,1,2891366.486,2891.366486,5195569.112,5195.569112,0.556506212,7.81593E+11,781592610.4,4.5984,0.0106,1.7568,8/12/17 8:00,9/18/17 20:00,37.5,224,261,-6.845075,42.48742,16.47537,-4.795779
Valencia,Valencia,Spain,West,A75657,2007,fall,y,6,6,2811934.074,2811.934074,4079989.32,4079.98932,0.689201332,8.36459E+11,836458660,3.8082,0.0062,1.7338,9/8/07 0:00,9/25/07 18:00,17.75,251,268,-0.57183,40.2505,17.087,-12.25217
Valencia,Valencia,Spain,West,A75657,2008,fall,y,6,6,2800207.691,2800.207691,3442669.874,3442.669874,0.813382576,7.98149E+11,798149387.9,3.539,0.0045,1.3585,9/2/08 0:00,9/13/08 22:00,11.91666667,246,257,-1.83033,40.8415,16.9805,-11.18033
Valencia,Valencia,Spain,West,A75657,2008,spring,y,6,6,2939257.761,2939.257761,3569267.331,3569.267331,0.823490506,7.34426E+11,734425808.2,3.9399,0.0041,1.5411,3/1/08 1:00,3/14/08 21:00,13.83333333,61,74,-14.39833,16.8235,40.8415,-1.83033
Valencia,Valencia,Spain,West,A75657,2009,fall,y,6,6,2824550.742,2824.550742,3712916.088,3712.916088,0.760736487,9.34684E+11,934683500.8,4.9758,0.0055,2.0796,9/15/09 0:00,10/1/09 20:00,16.83333333,258,274,-1.83483,40.85,17.11683,-12.2715
Valencia,Valencia,Spain,West,A75657,2009,spring,y,6,6,2943445.989,2943.445989,3487633.758,3487.633758,0.843966481,5.23445E+11,523445195,5.7391,0.0055,1.4811,2/23/09 1:00,3/17/09 23:00,22.91666667,54,76,-14.04583,16.639,40.8415,-1.83033
Valencia,Valencia,Spain,West,A75657,2010,fall,y,6,6,2829988.719,2829.988719,3534353.446,3534.353446,0.80070903,8.25269E+11,825269065.8,4.3058,0.0057,2.0926,9/10/10 2:00,9/24/10 22:00,14.83333333,253,267,-1.97833,40.82333,17.05433,-12.44533
Valencia,Valencia,Spain,West,A75657,2010,spring,y,6,6,2919416.879,2919.416879,3499175.319,3499.175319,0.834315692,8.2223E+11,822230464.6,4.9565,0.0062,1.4206,3/3/10 1:00,3/24/10 17:00,21.66666667,62,83,-13.82483,16.742,40.82667,-1.90233
Valencia,Valencia,Spain,West,A75657,2011,fall,y,6,6,2826527.349,2826.527349,3426767.755,3426.767755,0.824837734,8.13462E+11,813462247.3,3.9988,0.0054,1.7473,9/5/11 0:00,9/16/11 22:00,11.91666667,248,259,-1.83617,40.85017,16.8605,-11.56333
Valencia,Valencia,Spain,West,A75657,2011,spring,y,6,6,2839452.073,2839.452073,3396848.727,3396.848727,0.83590772,1.0901E+12,1090101672,4.1422,0.0045,1.7265,2/28/11 1:00,3/21/11 19:00,21.75,59,80,-14.0875,17.23733,40.51417,-2.12533
Valencia,Valencia,Spain,West,A75657,2012,fall,y,6,6,2821434.418,2821.434418,3451448.455,3451.448455,0.817463872,7.0501E+11,705009743.3,4.1458,0.0049,1.6977,8/31/12 0:00,9/11/12 22:00,11.91666667,244,255,-1.838,40.85,16.92933,-11.62967
Valencia,Valencia,Spain,West,A75657,2012,spring,y,6,6,2959742.261,2959.742261,3549477.203,3549.477203,0.833853013,6.08187E+11,608186646.9,4.2007,0.0052,1.3765,2/26/12 13:00,3/14/12 19:00,17.25,57,74,-14.96567,16.85317,40.82583,-1.8255
Valencia,Valencia,Spain,West,A75657,2013,fall,y,6,6,2823670.402,2823.670402,3531256.709,3531.256709,0.799621957,1.12076E+12,1120758336,3.4254,0.0062,1.8386,9/9/13 0:00,9/21/13 22:00,12.91666667,252,264,-0.47767,40.22483,17.07167,-12.47017
Valencia,Valencia,Spain,West,A75657,2013,spring,y,6,6,2922998.065,2922.998065,3443968.18,3443.96818,0.848729695,7.40082E+11,740081663.3,4.6137,0.0053,1.9362,2/25/13 1:00,3/22/13 23:00,25.91666667,56,81,-13.93533,16.732,40.22417,-0.47617
Valencia,Valencia,Spain,West,A75658,2009,fall,y,1,1,2597271.645,2597.271645,4410820.176,4410.820176,0.588840973,6.91723E+11,691722731.3,4.0766,0.0066,2.1472,9/8/09 8:00,10/8/09 22:00,30.58333333,251,281,-3.35467,39.107,15.66267,-2.998
Valencia,Valencia,Spain,West,A75659,2009,fall,y,6,6,2788616.225,2788.616225,3372648.411,3372.648411,0.826832769,8.4604E+11,846040085.2,3.4769,0.0055,1.7913,9/7/09 12:00,9/24/09 22:00,17.41666667,250,267,-2.23483,40.686,16.33467,-9.34633
Valencia,Valencia,Spain,West,A75659,2010,fall,y,6,6,2891524.355,2891.524355,3478370.665,3478.370665,0.831287012,9.16511E+11,916510867.9,4.1979,0.0064,1.8295,9/8/10 0:00,9/25/10 22:00,17.91666667,251,268,-1.8305,40.8415,15.835,-10.1765
Valencia,Valencia,Spain,West,A75659,2010,spring,y,6,6,3129245.097,3129.245097,4408278.04,4408.27804,0.709856563,8.1378E+11,813780269.7,3.6838,0.0059,1.5846,2/28/10 1:00,3/19/10 23:00,19.91666667,59,78,-11.35983,13.93467,40.82517,-1.82633
Valencia,Valencia,Spain,West,A75659,2011,spring,y,6,6,2989196.052,2989.196052,3645449.436,3645.449436,0.819980116,8.96087E+11,896086933.9,4.7212,0.0073,1.8076,2/26/11 1:00,3/20/11 21:00,22.83333333,57,79,-11.164,15.0515,40.787,-2.20017
Valencia,Valencia,Spain,West,A80419,2008,fall,y,6,6,2790821.658,2790.821658,3252749.084,3252.749084,0.857988608,8.86947E+11,886947110.9,3.8397,0.0053,1.4804,9/19/08 0:00,10/3/08 22:00,14.91666667,263,277,-1.78267,40.871,16.4495,-8.724
Valencia,Valencia,Spain,West,A80419,2009,fall,y,6,6,2737350.491,2737.350491,3114378.934,3114.378934,0.878939445,7.9499E+11,794989972.8,3.5753,0.0048,1.5016,9/4/09 0:00,9/19/09 22:00,15.91666667,247,262,-1.836,40.84983,16.73833,-7.914
Valencia,Valencia,Spain,West,A80419,2009,spring,y,6,6,3083915.096,3083.915096,3462401.232,3462.401232,0.890686806,1.08808E+12,1088084946,4.0971,0.0049,1.7799,2/16/09 1:00,3/9/09 17:00,21.66666667,47,68,-9.913,13.94333,40.80533,-1.83467
Valencia,Valencia,Spain,West,A80419,2010,fall,y,6,6,2803270.984,2803.270984,3345132.666,3345.132666,0.83801489,6.13193E+11,613192745.3,4.1857,0.005,1.7741,9/10/10 12:00,9/28/10 22:00,18.41666667,253,271,-2.07983,40.62717,16.2835,-9.78733
Valencia,Valencia,Spain,West,A80419,2010,spring,y,6,6,3091698.025,3091.698025,3596896.031,3596.896031,0.859546119,8.97134E+11,897134280.2,4.1086,0.0051,1.2054,2/13/10 1:00,3/1/10 23:00,16.91666667,44,60,-9.4615,13.784,40.82517,-1.82633
Valencia,Valencia,Spain,West,A80419,2011,spring,y,6,6,3083765.654,3083.765654,3672451.267,3672.451267,0.839702267,8.37106E+11,837106325.3,3.5788,0.0057,1.8638,2/18/11 7:00,3/6/11 23:00,16.66666667,49,65,-9.34517,13.83033,40.82517,-1.82633
Valencia,Valencia,Spain,West,A80420,2009,fall,y,6,6,2678183.106,2678.183106,3701403.046,3701.403046,0.723558897,7.44025E+11,744025194.3,3.5687,0.0065,1.5258,9/2/09 2:00,9/21/09 23:00,19.875,245,264,-2.21283,40.77833,16.79967,1.0895
Valencia,Valencia,Spain,West,A80420,2010,fall,y,6,6,2779831.526,2779.831526,3864580.333,3864.580333,0.719310064,6.96853E+11,696852702.3,3.1301,0.0051,1.7819,9/8/10 0:00,9/23/10 23:00,15.95833333,251,266,-1.83783,40.85,16.08833,2.4955
Valencia,Valencia,Spain,West,A80420,2010,spring,y,6,6,2864986.872,2864.986872,3577557.037,3577.557037,0.800822137,7.73371E+11,773371478.8,3.5591,0.0054,1.3746,2/26/10 13:00,3/16/10 17:00,18.16666667,57,75,-5.526,14.97667,40.68383,-2.37517
Valencia,Valencia,Spain,West,A80420,2011,fall,y,6,6,2693970.727,2693.970727,3230061.071,3230.061071,0.834030895,7.42229E+11,742229086,3.3602,0.0046,1.2885,9/4/11 2:00,9/16/11 23:00,12.875,247,259,-2.218,40.76933,16.69067,1.44717
Valencia,Valencia,Spain,West,A80420,2011,spring,y,6,6,2786084.186,2786.084186,3491590.557,3491.590557,0.797941265,9.06404E+11,906403661.6,3.4589,0.0071,1.8386,2/25/11 1:00,3/18/11 21:00,21.83333333,56,77,-5.44183,15.752,40.731,-2.165
Valencia,Valencia,Spain,West,A80420,2012,fall,y,6,6,2462161.084,2462.161084,2776471.727,2776.471727,0.886794942,5.2968E+11,529680300.5,3.9323,0.0049,1.4372,9/2/12 2:00,9/16/12 23:00,14.875,246,260,-4.39933,38.62533,17.22983,2.3455
Valencia,Valencia,Spain,West,A80420,2012,spring,y,6,6,2896821.188,2896.821188,4040035.528,4040.035528,0.717028642,9.72275E+11,972275225.8,3.2795,0.0052,1.9246,2/17/12 1:00,3/9/12 23:00,21.91666667,48,69,-5.11817,14.85583,40.8415,-1.83033
Valencia,Valencia,Spain,West,A80420,2013,spring,y,6,6,2892783.077,2892.783077,4562521.908,4562.521908,0.634031602,1.10202E+12,1102024978,3.8291,0.0062,1.9816,2/10/13 1:00,3/15/13 23:00,33.91666667,41,74,-5.10433,14.87617,40.82967,-1.86283
Valencia,Valencia,Spain,West,A89730,2009,fall,y,6,6,2523174.565,2523.174565,2676507.762,2676.507762,0.942711469,7.44779E+11,744778774.2,4.338,0.0015,0.0261,8/21/09 2:00,9/1/09 2:00,11,233,244,-3.93283,39.4265,17.03683,-8.46417
Valencia,Valencia,Spain,West,A89730,2010,fall,y,6,6,2349726.134,2349.726134,2565691.569,2565.691569,0.915825645,7.29023E+11,729023448,4.5887,0.0023,0.1529,8/14/10 2:00,8/30/10 2:00,16,226,242,-4.41983,38.641,18.20917,-10.62817
Valencia,Valencia,Spain,West,A89730,2010,spring,y,6,6,2529839.519,2529.839519,2890008.241,2890.008241,0.8753745,8.07417E+11,807417344.5,3.4966,0.0018,0.1911,3/8/10 1:00,3/26/10 1:00,18,67,85,-9.58267,16.32017,38.6425,-4.423
Valencia,Valencia,Spain,West,A89730,2011,fall,y,6,6,2692752.716,2692.752716,2840249.297,2840.249297,0.948069143,7.84747E+11,784746582,4.4274,0.001,0.0328,8/28/11 2:00,9/9/11 2:00,12,240,252,-2.4605,40.71733,16.7175,-6.76183
Valencia,Valencia,Spain,West,A89730,2011,spring,y,6,6,2597480.092,2597.480092,3347216.691,3347.216691,0.776011932,8.84593E+11,884593447.9,4.1506,0.0039,0.8895,2/22/11 1:00,3/22/11 1:00,28,53,81,-10.00467,18.07,40.55817,-2.56517
Valencia,Valencia,Spain,West,A89730,2012,fall,y,6,6,2406801.849,2406.801849,2593981.429,2593.981429,0.927840817,7.60877E+11,760876586.3,3.7619,0.0015,0.017,8/7/12 2:00,8/18/12 2:00,11,220,231,-4.73667,38.3155,16.94583,-8.888
Valencia,Valencia,Spain,West,A89730,2012,spring,y,6,6,2695543.1,2695.5431,3405007.003,3405.007003,0.791640985,6.8239E+11,682390181.3,3.2287,0.0014,0.0469,2/27/12 1:00,3/16/12 1:00,18,58,76,-8.18383,16.935,40.71967,-2.4495
Valencia,Valencia,Spain,West,A89730,2013,spring,y,6,6,2666340.562,2666.340562,2963096.68,2963.09668,0.89984933,8.48945E+11,848945054.5,3.5411,0.0025,1.2864,2/21/13 1:00,3/15/13 1:00,22,52,74,-7.774,17.1185,40.71,-2.44017
Valencia,Valencia,Spain,West,A89731,2009,fall,y,6,6,2504609.342,2504.609342,3051759.748,3051.759748,0.820709869,7.50128E+11,750128160.9,3.3334,0.0018,0.3046,9/8/09 2:00,9/22/09 2:00,14,251,265,-4.304,39.1785,16.8685,-8.21517
Valencia,Valencia,Spain,West,A89731,2010,fall,y,6,6,2537952.88,2537.95288,3166361.852,3166.361852,0.801535958,6.77752E+11,677752483.1,3.6484,0.0027,0.8692,9/6/10 2:00,9/28/10 2:00,22,249,271,-3.466,38.67733,16.10983,-7.768
Valencia,Valencia,Spain,West,A89731,2010,spring,y,6,6,2736436.504,2736.436504,3111973.322,3111.973322,0.879325181,7.77831E+11,777830520.7,3.9993,0.0015,0.1925,2/27/10 1:00,3/15/10 1:00,16,58,74,-7.9935,16.7335,40.82533,-1.86233
Valencia,Valencia,Spain,West,A89731,2011,fall,y,6,6,2780811.018,2780.811018,3093886.575,3093.886575,0.898808328,8.6811E+11,868109882.3,3.992,0.0016,0.8734,9/11/11 2:00,9/26/11 2:00,15,254,269,-1.83567,40.85017,16.468,-8.5335
Valencia,Valencia,Spain,West,A89731,2011,spring,y,6,6,2819253.709,2819.253709,3806072.916,3806.072916,0.740725092,9.48026E+11,948026334.3,3.3155,0.0021,1.0641,2/18/11 1:00,3/15/11 1:00,25,49,74,-8.71383,16.13,40.825,-1.82617
Valencia,Valencia,Spain,West,A89731,2012,spring,y,6,6,2852979.081,2852.979081,3461631.261,3461.631261,0.824171862,7.66169E+11,766168919.3,3.5526,0.0019,0.2417,2/22/12 1:00,3/13/12 1:00,20,53,73,-8.5435,15.75533,40.81017,-1.8835
MiddleEast,Igdir,Turkey,East,Agri,2013,fall,y,6,6,4493695.122,4493.695122,5296548.947,5296.548947,0.848419446,1.87657E+12,1876572756,4.4912,0.0068,1.4647,9/11/13 0:00,9/27/13 23:00,16.95833333,254,270,42.97667,39.744,9.47717,45.497
MiddleEast,Igdir,Turkey,East,Agri,2014,spring,y,6,6,4560508.914,4560.508914,6251532.734,6251.532734,0.729502525,2.08604E+12,2086040029,3.2446,0.0044,1.8169,3/21/14 0:00,4/7/14 23:00,17.95833333,80,97,45.445,9.3735,40.07783,43.67017
Captive,Captive,Bulgaria,East,Akaga,2018,fall,y,2,2,4353075.896,4353.075896,7324429.57,7324.42957,0.594322855,2.09991E+12,2099910210,4.1732,0.0098,1.787,8/25/18 0:00,9/21/18 23:00,27.95833333,237,264,25.63801,41.59799,12.03957,41.64042
Israel,Israel,Israel,East,Amud,2018,fall,y,1,1,2993095.019,2993.095019,6045259.993,6045.259993,0.495114358,2.80712E+11,280712051.1,9.5275,0.0107,1.9144,9/18/18 5:00,11/13/18 18:00,56.54166667,261,317,35.56094,32.93507,11.05152,27.21755
Greece,Greece,Greece,East,Aoos,2015,fall,y,6,6,3194896.95,3194.89695,7232630.056,7232.630056,0.441733771,2.3661E+12,2366104429,3.4363,0.0058,1.9013,9/4/15 0:00,10/1/15 22:00,27.91666667,247,274,20.53867,40.1335,13.0345,16.449
Greece,Greece,Greece,East,Aoos,2016,fall,y,6,6,3202527.98,3202.52798,6273891.352,6273.891352,0.51045321,1.69501E+12,1695011640,3.0334,0.006,1.5511,9/21/16 0:00,10/9/16 22:00,18.91666667,265,283,20.53683,40.1325,12.98217,16.11
Greece,Greece,Greece,East,Aoos,2016,spring,y,6,6,3558359.284,3558.359284,7339760.066,7339.760066,0.484805941,1.792E+12,1791999862,3.8182,0.0072,1.4648,3/16/16 5:00,4/18/16 13:00,33.33333333,76,109,15.53517,12.78,41.20667,26.85417
Greece,Greece,Greece,East,Aoos,2017,fall,y,6,6,3194934.221,3194.934221,6446228.398,6446.228398,0.495628455,2.24379E+12,2243788470,3.1727,0.0058,1.808,9/13/17 10:00,10/4/17 22:00,21.5,256,277,20.53817,40.13367,13.03467,16.438
Greece,Greece,Greece,East,Aoos,2017,spring,y,6,6,3193134.592,3193.134592,8619325.01,8619.32501,0.370462256,1.87558E+12,1875578219,3.9862,0.0064,2.0437,3/8/17 3:00,4/13/17 18:00,36.625,67,103,15.70918,12.8146,39.91236,20.24532
Greece,Greece,Greece,East,Aoos,2018,fall,y,6,6,3063018.803,3063.018803,6381476.993,6381.476993,0.479985873,1.56673E+12,1566725215,3.1933,0.0058,2.0895,8/13/18 16:00,9/4/18 22:00,22.25,225,247,21.60083,41.15783,15.2755,19.28
Greece,Greece,Greece,East,Aoos,2018,spring,y,6,6,3218787.139,3218.787139,7317031.095,7317.031095,0.439903439,1.84989E+12,1849893545,3.5787,0.0061,1.7699,3/4/18 5:00,4/5/18 6:00,32.04166667,63,95,15.788,12.856,40.11728,20.59574
MiddleEast,Igdir,Turkey,East,Aras,2012,fall,y,2,2,3853778.78,3853.77878,5088693.324,5088.693324,0.757321877,1.33525E+12,1335246291,3.5198,0.0052,1.4595,9/4/12 0:00,9/23/12 22:00,19.91666667,248,267,43.68417,40.06133,13.45317,43.60433
Bulgaria,Bulgaria,Bulgaria,East,Arda,2012,fall,y,1,1,3464250.064,3464.250064,6073638.949,6073.638949,0.570374712,1.19748E+12,1197481479,3.7239,0.0065,1.7257,9/20/12 5:00,10/14/12 23:00,24.75,264,288,25.881,41.64133,13.3125,25.94167
MiddleEast,Igdir,Turkey,East,Ardahan,2013,fall,y,6,6,4267712.626,4267.712626,5725883.064,5725.883064,0.745337021,2.32646E+12,2326462278,4.6617,0.0092,1.7999,8/22/13 0:00,9/16/13 14:00,25.58333333,234,259,43.68973,40.06114,10.27553,40.75225
MiddleEast,Igdir,Turkey,East,Ardahan,2014,spring,y,6,6,4220297.558,4220.297558,6421626.452,6421.626452,0.657200725,1.55867E+12,1558668214,3.6795,0.0085,1.4496,4/10/14 0:00,4/29/14 23:00,19.95833333,100,119,40.68311,10.59117,40.07471,43.67308
MiddleEast,Syunik,Armenia,East,Armenia2,2015,fall,y,2,2,4693774.512,4693.774512,7031822.489,7031.822489,0.667504693,1.67572E+12,1675722508,5.3504,0.0079,1.8442,8/31/15 0:00,10/11/15 21:00,41.875,243,284,46.5406,39.15735,7.685533,43.09158
MiddleEast,Syunik,Armenia,East,Armenia3,2015,fall,y,6,6,4838648.939,4838.648939,5278825.824,5278.825824,0.916614622,2.06763E+12,2067628230,4.5356,0.0028,2.0933,9/20/15 0:00,10/9/15 21:00,19.875,263,282,46.5402,39.15753,6.823967,43.4534
Douro,Douro,Spain,West,Batuecasa,2017,fall,y,6,6,2686258.02,2686.25802,3218783.087,3218.783087,0.83455702,7.25279E+11,725279258.1,3.8188,0.0097,1.4904,9/13/17 1:00,9/25/17 21:00,12.83333333,256,268,-6.050092,40.94838,16.99182,-9.723393
Douro,Douro,Spain,West,Batuecasa,2018,fall,y,6,6,2727475.043,2727.475043,3207470.942,3207.470942,0.850350663,9.13907E+11,913906913.6,3.7702,0.007,1.0817,9/21/18 6:00,9/30/18 21:00,9.625,264,273,-6.540423,41.09018,16.65152,-9.150188
Douro,Douro,Spain,West,Batuecasa,2018,spring,y,6,6,2660859.583,2660.859583,3357409.717,3357.409717,0.792533473,8.46392E+11,846391523,3.7741,0.0103,1.7414,2/14/18 2:00,3/7/18 20:00,21.75,45,66,-9.877813,17.34562,41.10122,-6.542012
Captive,Captive,Bulgaria,East,Blanka,2018,fall,y,1,1,4629044.314,4629.044314,7399639.622,7399.639622,0.625576994,3.01692E+12,3016923377,3.7642,0.0105,1.8024,9/2/18 0:00,10/31/18 18:00,59.75,245,304,25.69633,41.57687,8.904535,39.92696
Bulgaria,Bulgaria,Bulgaria,East,Boris,2015,fall,y,6,6,4340233.178,4340.233178,5650123.669,5650.123669,0.768166049,2.02695E+12,2026951087,3.6206,0.0059,1.2544,9/14/15 5:00,9/28/15 22:00,14.70833333,257,271,25.62567,41.60267,12.40267,42.06117
Bulgaria,Bulgaria,Bulgaria,East,Boris,2016,fall,y,6,6,4399277.666,4399.277666,5440475.375,5440.475375,0.808620086,1.94565E+12,1945645102,3.8884,0.0058,1.5145,9/24/16 5:00,10/5/16 22:00,11.70833333,268,279,25.67583,41.631,13.01233,43.706
Bulgaria,Bulgaria,Bulgaria,East,Boris,2016,spring,y,6,6,4558259.257,4558.259257,5751413.188,5751.413188,0.792545955,2.14847E+12,2148467831,3.6111,0.0064,1.9188,3/1/16 3:00,3/20/16 22:00,19.79166667,61,80,42.68167,11.1315,41.64733,25.71817
Bulgaria,Bulgaria,Bulgaria,East,Boris,2017,fall,y,6,6,4592746.628,4592.746628,5912827.146,5912.827146,0.776742921,2.06066E+12,2060655294,3.6,0.0057,1.401,9/22/17 5:00,10/6/17 22:00,14.70833333,265,279,25.62633,41.60417,10.80767,42.6025
Bulgaria,Bulgaria,Bulgaria,East,Boris,2017,spring,y,6,6,4558379.912,4558.379912,6453166.679,6453.166679,0.706378765,2.30671E+12,2306713534,3.9465,0.0062,2.1683,3/1/17 3:00,3/22/17 22:00,21.79166667,60,81,42.76367,11.18883,41.63991,25.67353
Bulgaria,Bulgaria,Bulgaria,East,Boris,2018,fall,y,6,6,4603541.343,4603.541343,5939180.988,5939.180988,0.775113833,2.20795E+12,2207945126,3.61,0.0059,1.397,9/22/18 5:00,10/6/18 22:00,14.70833333,265,279,25.62533,41.60267,10.678,42.52917
Bulgaria,Bulgaria,Bulgaria,East,Boris,2018,spring,y,6,6,4602350.978,4602.350978,6093585.944,6093.585944,0.75527793,2.26777E+12,2267765749,3.7057,0.0065,2.0366,2/27/18 3:00,3/17/18 22:00,18.79166667,58,76,42.57817,10.72883,41.6325,25.67717
Captive,Captive,Bulgaria,East,Boyana,2018,fall,y,2,2,3592451.345,3592.451345,5302266.684,5302.266684,0.677531245,1.39701E+12,1397011112,4.6584,0.0107,2.0089,9/19/18 0:00,10/22/18 20:00,33.83333333,262,295,26.23,41.0976,12.11875,15.71222
Rioja,Rioja,Spain,West,Brieva,2016,fall,y,1,1,3022677.814,3022.677814,3841962.252,3841.962252,0.786753647,7.06889E+11,706889259.5,5.0729,0.0107,1.8618,9/9/16 6:00,10/6/16 22:00,27.66666667,253,280,-2.770194,42.16999,17.31679,-15.31318
Douro,Douro,Portugal,West,Bruco,2017,fall,y,5,5,2665661.946,2665.661946,3451105.898,3451.105898,0.772408041,9.40736E+11,940735775.5,4.0658,0.008,1.4055,9/6/17 8:00,9/22/17 20:00,16.5,249,265,-6.132066,40.6155,16.8053,-9.469166
MiddleEast,Igdir,Turkey,East,Cabuk,2014,fall,y,2,2,4013388.787,4013.388787,4792213.322,4792.213322,0.837481247,1.77314E+12,1773138276,4.4146,0.0047,1.4062,9/8/14 5:00,9/21/14 21:00,13.66666667,251,264,43.6746,40.0729,12.2296,42.5176
MiddleEast,Igdir,Turkey,East,Cabuk,2015,fall,y,2,3,4145200.647,4145.200647,5300018.286,5300.018286,0.782110631,1.73799E+12,1737986577,3.8757,0.0052,1.4392,10/6/15 5:00,10/27/15 17:00,21.5,279,300,40.0498,38.9859,9.5816,40.6075
MiddleEast,Igdir,Turkey,East,Cabuk,2015,spring,y,2,3,3809929.758,3809.929758,5604520.903,5604.520903,0.679795798,1.1416E+12,1141604885,4.0946,0.0061,1.6604,5/28/15 9:00,6/18/15 21:00,21.5,148,169,40.6757,10.9885,38.054,39.3864
Greece,Greece,Greece,East,Castor,2014,fall,y,6,6,4567642.776,4567.642776,6691898.342,6691.898342,0.682563085,2.20418E+12,2204181800,4.0933,0.0063,1.9101,8/22/14 5:00,9/17/14 22:00,26.70833333,234,260,26.03483,41.4035,10.64117,42.47367
Greece,Greece,Greece,East,Castor,2015,fall,y,6,6,5116633.377,5116.633377,11150582.76,11150.58276,0.458866903,3.10221E+12,3102212932,5.444,0.0076,2.1383,8/11/15 5:00,10/15/15 22:00,65.70833333,223,288,26.10033,41.25517,6.724,43.05267
Greece,Greece,Greece,East,Castor,2015,spring,y,6,6,5094972.249,5094.972249,7646594.004,7646.594004,0.666306103,2.33771E+12,2337712129,4.9461,0.0073,1.8431,3/7/15 3:00,4/5/15 23:00,29.83333333,66,95,42.8325,6.76017,41.28817,26.1575
Bulgaria,Bulgaria,Bulgaria,East,Dobromir,2012,fall,y,1,1,3688111.334,3688.111334,9632931.754,9632.931754,0.382864888,1.14178E+12,1141782151,5.2584,0.0078,1.881,9/8/12 5:00,10/31/12 22:00,53.70833333,252,305,27.64083,43.14617,13.05583,25.08217
Bulgaria,Bulgaria,Bulgaria,East,Dobromir,2014,fall,y,1,3,4546477.915,4546.477915,11343524.74,11343.52474,0.4007994,2.54566E+12,2545662957,4.4355,0.0078,1.9328,7/30/14 5:00,10/2/14 22:00,64.70833333,211,275,28.37117,43.80883,11.40317,40.75917
Bulgaria,Bulgaria,Bulgaria,East,Dobromir,2014,spring,y,1,3,3695987.28,3695.98728,10379210.1,10379.2101,0.356095237,1.89621E+12,1896207278,5.1591,0.0074,2.0101,4/18/14 5:00,6/3/14 23:00,46.75,108,154,29.24867,10.3415,39.782,27.98
Bulgaria,Bulgaria,Bulgaria,East,Dobromir,2015,spring,y,1,4,4180586.842,4180.586842,5793569.963,5793.569963,0.72159081,1.76015E+12,1760148127,3.3651,0.0059,1.6764,4/30/15 1:00,5/15/15 23:00,15.91666667,120,135,32.44168,10.65788,43.37783,27.37617
Bulgaria,Bulgaria,Bulgaria,East,Dobromir,2016,fall,y,1,5,3718265.315,3718.265315,7228373.12,7228.37312,0.514398642,1.76921E+12,1769208048,4.3765,0.008,1.8852,8/12/16 3:00,9/25/16 19:00,44.66666667,225,269,27.99062,44.04274,14.40963,30.59927
Bulgaria,Bulgaria,Bulgaria,East,Dobromir,2016,spring,y,1,5,4053555.756,4053.555756,6805152.048,6805.152048,0.595659836,1.72771E+12,1727709812,3.7348,0.0072,1.8861,5/1/16 3:00,5/30/16 23:00,29.83333333,122,151,26.62375,10.4064,43.2975,27.55933
Douro,Douro,Portugal,West,Douro,2017,fall,y,6,6,2650868.203,2650.868203,3398934.487,3398.934487,0.779911532,8.48402E+11,848401665.5,3.4649,0.0059,1.8666,8/28/17 7:00,9/9/17 20:00,12.54166667,240,252,-6.542883,41.09308,17.2373,-7.676949
Douro,Douro,Portugal,West,Douro,2018,fall,y,6,6,2649372.711,2649.372711,3626119.99,3626.11999,0.730635698,1.0332E+12,1033196787,4.0102,0.0089,1.439,8/29/18 8:00,9/17/18 20:00,19.5,241,260,-6.544383,41.0923,17.4135,-9.65315
Douro,Douro,Portugal,West,Douro,2018,spring,y,6,6,2636005.716,2636.005716,4289487.874,4289.487874,0.614526907,8.89717E+11,889716710.1,4.3497,0.0067,1.496,2/3/18 6:00,2/25/18 19:00,22.54166667,34,56,-10.82472,17.441,40.84108,-6.572499
Gipuzkoa,Gipuzkoa,Spain,West,Ekhi,2018,fall,y,1,1,3024728.175,3024.728175,3558124.833,3558.124833,0.850090516,8.43105E+11,843105136.6,4.2198,0.0093,1.4209,9/1/18 6:00,9/16/18 23:00,15.70833333,244,259,-2.360751,42.96031,16.86518,-11.36838
Captive,Captive,Bulgaria,East,Elodie,2016,fall,y,1,1,3721111.734,3721.111734,5217725.686,5217.725686,0.713167376,1.84916E+12,1849161422,3.3205,0.0069,1.6854,9/27/16 4:00,10/18/16 22:00,21.75,271,292,25.92919,42.87755,14.735,7.61833
Douro,Douro,Portugal,West,Faia,2017,fall,y,6,6,2639074.864,2639.074864,3295461.967,3295.461967,0.800820914,5.55522E+11,555522237.5,4.1443,0.0074,1.0231,8/23/17 8:00,9/5/17 20:00,13.5,235,248,-6.536466,40.83747,17.08535,-7.628566
Douro,Douro,Portugal,West,Faia,2018,spring,y,6,6,2700576.413,2700.576413,3319550.631,3319.550631,0.813536744,6.18891E+11,618891069.9,4.2902,0.0071,1.829,2/25/18 7:00,3/17/18 18:00,20.45833333,56,76,-7.516682,16.61725,40.93502,-6.921466
Pyrenees,Pyrenees,France,West,Gardon,2016,fall,y,6,6,3152084.705,3152.084705,3894332.634,3894.332634,0.809403048,1.00683E+12,1006826823,4.1523,0.01,1.3392,9/9/16 1:00,9/23/16 23:00,14.91666667,253,267,2.25501,43.80127,17.39144,-10.02693
Pyrenees,Pyrenees,France,West,Gardon,2017,fall,y,6,6,3330384.595,3330.384595,3908327.923,3908.327923,0.85212517,1.32245E+12,1322450462,4.1596,0.01,1.3928,9/8/17 5:00,9/24/17 23:00,16.75,251,267,4.43804,44.375,16.70791,-9.25161
Pyrenees,Pyrenees,France,West,Gardon,2017,spring,y,6,6,3334056.452,3334.056452,4980836.077,4980.836077,0.669376868,1.38732E+12,1387319045,3.8174,0.0117,1.7708,2/28/17 0:00,3/31/17 17:00,31.70833333,59,90,-9.33546,16.71147,44.39833,4.3999
SFrance,SFrance,France,West,Gardon,2018,fall,y,6,6,3391305.687,3391.305687,4108110.218,4108.110218,0.825514776,1.26298E+12,1262976921,3.8387,0.0105,1.6482,9/9/18 5:00,9/26/18 23:00,17.75,252,269,4.43747,44.37678,15.88609,-8.55415
SFrance,SFrance,France,West,Gardon,2018,spring,y,6,6,3376792.851,3376.792851,4899069.788,4899.069788,0.689272249,1.27984E+12,1279839520,3.8553,0.0106,1.753,2/28/18 0:00,3/23/18 23:00,23.95833333,59,82,-8.23141,15.91651,44.37509,4.43778
Dagestan,Dagestan,Dagestan,East,Gurman,2017,fall,y,1,1,4200481.556,4200.481556,5506514.48,5506.51448,0.762820396,1.33289E+12,1332894304,4.2853,0.0081,1.2116,9/24/17 6:00,10/19/17 16:00,25.41666667,267,292,47.34981,42.70172,14.05364,43.94
Israel,Israel,Israel,East,H36,2018,fall,y,1,1,2635334.107,2635.334107,5044973.532,5044.973532,0.522368272,6.24694E+11,624694332.1,5.5399,0.0064,1.636,8/29/18 6:00,9/22/18 10:00,24.16666667,241,265,35.76576,32.9001,13.80667,28.00716
MiddleEast,Igdir,Turkey,East,Haydi,2014,fall,y,3,3,5476570.333,5476.570333,7562333.379,7562.333379,0.724190545,2.49136E+12,2491355308,4.175,0.0063,1.8861,9/19/14 5:00,10/29/14 20:00,40.625,262,302,46.5588,39.1655,1.9171,38.5026
MiddleEast,Igdir,Turkey,East,Haydi,2015,fall,y,3,4,5412934.962,5412.934962,7027792.644,7027.792644,0.770218365,2.71312E+12,2713122614,3.9111,0.0056,2.1085,9/20/15 7:00,10/14/15 21:00,24.58333333,263,287,46.4534,39.4583,2.4035,36.7426
MiddleEast,Igdir,Turkey,East,Haydi,2015,spring,y,3,4,5332338.317,5332.338317,8421522.078,8421.522078,0.633179877,2.71771E+12,2717705783,4.0157,0.0059,1.8884,4/11/15 5:00,5/12/15 21:00,31.66666667,101,132,39.1101,2.8151,38.7031,47.2358
Douro,Douro,Spain,West,Huebra,2017,fall,y,6,6,2783682.701,2783.682701,3445526.727,3445.526727,0.807912091,9.18539E+11,918539477.5,4.111,0.0105,1.3889,9/20/17 0:00,10/6/17 21:00,16.875,263,279,-6.543695,41.09291,16.44508,-11.38233
Douro,Douro,Spain,West,Huebra,2018,fall,y,6,6,2735007.841,2735.007841,3446354.823,3446.354823,0.793594387,8.51774E+11,851773995.3,4.3906,0.0103,1.4214,9/26/18 6:00,10/16/18 21:00,20.625,269,289,-6.661036,41.03853,16.84992,-11.56885
Douro,Douro,Spain,West,Huebra,2018,spring,y,6,6,2612122.937,2612.122937,3633016.765,3633.016765,0.718995564,7.95449E+11,795448915.6,3.2154,0.0072,1.6473,2/9/18 6:00,2/26/18 20:00,17.58333333,40,57,-11.03028,17.94016,41.0874,-6.54214
MiddleEast,Igdir,Turkey,East,Igdir,2012,fall,y,6,6,5095082.3,5095.0823,6463129.311,6463.129311,0.788330552,2.65658E+12,2656577072,4.9958,0.0056,1.6166,9/20/12 0:00,10/11/12 18:00,21.75,264,285,43.673,40.07467,5.3035,43.06767
MiddleEast,Igdir,Turkey,East,Igdir,2013,fall,y,6,6,5051523.343,5051.523343,6008135.455,6008.135455,0.840780535,2.3647E+12,2364700555,4.9717,0.0066,1.4157,9/25/13 0:00,10/13/13 20:00,18.83333333,268,286,43.673,40.07467,5.61767,43.18983
MiddleEast,Igdir,Turkey,East,Igdir,2013,spring,y,6,6,5108768.582,5108.768582,5972348.642,5972.348642,0.855403609,2.1723E+12,2172299742,4.5634,0.0055,1.3137,3/16/13 8:00,4/3/13 20:00,18.5,75,93,43.04467,5.2665,40.1545,43.61683
MiddleEast,Igdir,Turkey,East,Igdir,2014,fall,y,6,6,5100434.707,5100.434707,7310526.059,7310.526059,0.697683678,2.42905E+12,2429050577,4.8056,0.0063,1.4602,10/6/14 7:00,11/3/14 19:00,28.5,279,307,43.667,40.08167,5.28033,43.09333
MiddleEast,Igdir,Turkey,East,Igdir,2014,spring,y,6,6,5031684.077,5031.684077,5900966.632,5900.966632,0.852688109,2.15392E+12,2153919812,4.8599,0.006,1.7147,3/3/14 1:00,3/22/14 19:00,19.75,62,81,43.0095,5.7525,40.14717,43.62033
Bulgaria,Bulgaria,Bulgaria,East,Iliaz,2012,fall,y,1,1,3382554.25,3382.55425,6312967.08,6312.96708,0.535810532,1.61269E+12,1612686932,3.729,0.0072,1.796,9/19/12 3:00,10/16/12 22:00,27.79166667,263,290,25.842,41.436,13.65633,19.237
Bulgaria,Bulgaria,Bulgaria,East,Iliaz,2016,fall,y,1,5,3344082.521,3344.082521,10678775.9,10678.7759,0.313152233,2.30828E+12,2308277312,4.9748,0.0077,2.1371,8/26/16 4:00,10/17/16 23:00,52.79166667,239,291,25.81342,41.87012,16.29317,33.70867
Bulgaria,Bulgaria,Bulgaria,East,Iliaz,2016,spring,y,1,5,3582300.244,3582.300244,9348990.427,9348.990427,0.38317509,1.62212E+12,1622115897,4.7191,0.0073,1.9886,3/17/16 5:00,5/9/16 23:00,53.75,77,130,19.20633,13.17017,42.63067,26.10283
Bulgaria,Bulgaria,Bulgaria,East,Iliaz,2017,fall,y,1,6,3428408.1,3428.4081,7105396.211,7105.396211,0.48250766,1.39898E+12,1398984731,3.7985,0.0064,1.7764,9/1/17 5:00,10/2/17 22:00,31.70833333,244,275,25.81267,41.86583,13.67217,19.20617
Bulgaria,Bulgaria,Bulgaria,East,Iliaz,2017,spring,y,1,6,3884483.171,3884.483171,6713023.148,6713.023148,0.578648857,1.67413E+12,1674131634,3.9301,0.0064,1.9627,4/6/17 2:00,4/30/17 23:00,24.875,96,120,35.27789,12.83149,41.9545,25.17967
Bulgaria,Bulgaria,Bulgaria,East,Iliaz,2018,fall,y,1,6,3350100.228,3350.100228,6703031.889,6703.031889,0.499788795,1.86318E+12,1863177911,3.6084,0.0066,1.8044,8/27/18 5:00,9/21/18 23:00,25.75,239,264,25.63817,41.59833,14.06992,18.81188
Bulgaria,Bulgaria,Bulgaria,East,Iliaz,2018,spring,y,1,6,3853674.762,3853.674762,8240004.862,8240.004862,0.4676787,2.1972E+12,2197201521,3.9858,0.0069,1.7764,3/16/18 5:00,4/21/18 22:00,36.70833333,75,111,20.00767,9.30167,41.20984,25.15983
MiddleEast,Igdir,Turkey,East,Iste,2014,fall,y,6,6,4220193.013,4220.193013,5026573.45,5026.57345,0.839576514,1.88464E+12,1884637862,4.0713,0.0045,1.3128,9/19/14 5:00,10/3/14 21:00,14.66666667,262,276,42.1931,40.0579,10.4771,41.6
MiddleEast,Igdir,Turkey,East,Iste,2015,fall,y,6,6,4227155.252,4227.155252,4903166.714,4903.166714,0.86212758,1.75267E+12,1752670055,4.2032,0.0046,0.9505,9/17/15 5:00,9/29/15 21:00,12.66666667,260,272,42.1675,40.0862,10.4013,41.336
MiddleEast,Igdir,Turkey,East,Iste,2015,spring,y,6,6,4178825.443,4178.825443,5651400.414,5651.400414,0.739431846,1.78177E+12,1781772604,4.6684,0.0053,1.4659,4/14/15 7:00,4/29/15 21:00,15.58333333,104,119,41.3561,10.3538,39.6154,42.3905
MiddleEast,Igdir,Turkey,East,Iste,2016,fall,y,6,6,4268861.534,4268.861534,4939116.448,4939.116448,0.864296596,1.90386E+12,1903863068,3.9578,0.0049,1.2726,9/25/16 5:00,10/9/16 21:00,14.66666667,269,283,42.1561,40.0556,10.2681,42.1903
MiddleEast,Igdir,Turkey,East,Iste,2016,spring,y,6,6,4178475.9,4178.4759,5403705.278,5403.705278,0.77326125,1.9005E+12,1900503799,4.2387,0.0054,1.2768,3/22/16 4:00,4/8/16 19:00,17.625,82,99,40.7619,10.4826,39.8822,42.3778
MiddleEast,Igdir,Turkey,East,Iste,2017,fall,y,6,6,4297296.423,4297.296423,5164456.027,5164.456027,0.832090815,1.93071E+12,1930706788,4.6776,0.0043,1.5484,9/24/17 5:00,10/9/17 17:00,15.5,267,282,42.2058,40.0655,10.0668,42.0582
MiddleEast,Igdir,Turkey,East,Iste,2017,spring,y,6,6,4181971.65,4181.97165,4923813.269,4923.813269,0.849335956,1.35148E+12,1351479553,4.8377,0.0054,1.7854,3/13/17 5:00,3/30/17 21:00,17.66666667,72,89,41.7108,10.7461,40.0535,42.1732
MiddleEast,Igdir,Turkey,East,Iste,2018,fall,y,6,6,4306414.684,4306.414684,4943763.595,4943.763595,0.871080221,1.6805E+12,1680495132,4.3749,0.0047,1.299,9/16/18 5:00,9/28/18 21:00,12.66666667,259,271,42.1475,40.0557,9.9711,41.9659
MiddleEast,Igdir,Turkey,East,Iste,2018,spring,y,6,6,4185794.043,4185.794043,4969451.108,4969.451108,0.842305106,1.68415E+12,1684153642,4.779,0.0048,1.5163,3/16/18 5:00,3/31/18 21:00,15.66666667,75,90,41.7002,10.561,39.7956,42.6339
Israel,Israel,Israel,East,J4107,2018,fall,y,1,1,2851137.043,2851.137043,3780026.585,3780.026585,0.754263754,7.7899E+11,778990178.9,4.2618,0.0074,1.366,8/28/18 6:00,9/9/18 20:00,12.58333333,240,252,35.76593,32.89955,15.65046,19.13415
Bulgaria,Bulgaria,Bulgaria,East,Jenny,2015,fall,y,6,6,3332173.099,3332.173099,6435569.241,6435.569241,0.517774415,1.65184E+12,1651836530,3.5745,0.0064,1.7143,9/14/15 5:00,10/1/15 23:00,17.75,257,274,25.62983,41.58583,14.23298,18.55114
Bulgaria,Bulgaria,Bulgaria,East,Jenny,2016,fall,y,6,6,3355176.216,3355.176216,6322840.27,6322.84027,0.530643836,1.8687E+12,1868703285,3.2565,0.0068,1.6438,8/19/16 5:00,9/12/16 22:00,24.70833333,232,256,25.77833,41.57367,14.12117,18.04667
Bulgaria,Bulgaria,Bulgaria,East,Jenny,2016,spring,y,6,6,3531664.58,3531.66458,7552297.095,7552.297095,0.467627867,1.64542E+12,1645421586,3.6364,0.007,1.6818,3/16/16 5:00,4/16/16 23:00,31.75,76,107,17.84917,12.61583,41.59583,25.62367
Bulgaria,Bulgaria,Bulgaria,East,Jenny,2017,fall,y,6,6,3355890.329,3355.890329,6076843.432,6076.843432,0.552242355,1.86687E+12,1866869628,3.0707,0.0064,1.7235,9/12/17 5:00,9/30/17 22:00,18.70833333,255,273,25.44517,41.59167,14.01417,18.29617
Bulgaria,Bulgaria,Bulgaria,East,Jenny,2017,spring,y,6,6,3409901.823,3409.901823,7170610.141,7170.610141,0.475538588,1.60046E+12,1600459830,3.5132,0.0073,1.4625,3/14/17 2:00,4/15/17 23:00,32.875,73,105,17.69498,13.71635,41.78533,25.13117
Bulgaria,Bulgaria,Bulgaria,East,Jenny,2018,fall,y,6,6,3371185.983,3371.185983,5898001.645,5898.001645,0.571581052,2.12177E+12,2121769994,3.1964,0.0067,1.8564,9/10/18 5:00,10/4/18 22:00,24.70833333,253,277,25.4645,41.627,13.95783,17.963
Bulgaria,Bulgaria,Bulgaria,East,Jenny,2018,spring,y,6,6,3373865.292,3373.865292,6512248.602,6512.248602,0.518079929,1.66313E+12,1663129294,3.4573,0.0072,1.7846,3/4/18 5:00,3/30/18 23:00,26.75,63,89,17.27717,14.058,41.59559,25.70202
Greece,Greece,Greece,East,Lazaros,2012,fall,y,6,6,3109205.586,3109.205586,7061513.62,7061.51362,0.440302994,1.73313E+12,1733134390,3.5338,0.0062,1.6814,9/1/12 3:00,9/22/12 22:00,21.79166667,245,266,21.655,39.84,13.624,17.97633
Greece,Greece,Greece,East,Lazaros,2013,spring,y,6,6,3361494.845,3361.494845,7499172.834,7499.172834,0.448248749,1.56908E+12,1569081468,3.7977,0.0062,1.7096,3/8/13 0:00,3/31/13 15:00,23.625,67,90,17.492,12.89633,40.82367,23.80683
Greece,Greece,Greece,East,Levkipos,2012,fall,y,1,1,3303858.149,3303.858149,6974365.039,6974.365039,0.473714543,1.39959E+12,1399587357,3.8285,0.007,1.7034,9/10/12 5:00,10/14/12 22:00,34.70833333,254,288,27.26417,40.8115,14.50517,16.94133
Rioja,Rioja,Spain,West,Lidia,2018,fall,y,1,1,3397030.634,3397.030634,6890737.252,6890.737252,0.492985077,8.43309E+11,843308858.4,6.5264,0.0115,1.9431,8/31/18 8:00,11/16/18 20:00,77.5,243,320,-2.041983,42.22695,14.1303,-15.52405
MiddleEast,AzerbaijanIran,MiddleEast,East,Logiya,2014,fall,y,2,3,3696153.047,3696.153047,5010804.703,5010.804703,0.73763662,1.56235E+12,1562350047,3.53,0.0065,1.5708,8/23/14 4:00,9/10/14 22:00,18.75,235,253,45.04667,35.9165,10.85217,41.29767
MiddleEast,AzerbaijanIran,MiddleEast,East,Logiya,2014,spring,y,2,3,3597975.528,3597.975528,6186011.053,6186.011053,0.581630957,1.43733E+12,1437327906,4.0333,0.0058,1.5617,5/20/14 4:00,6/15/14 19:00,26.625,140,166,41.25283,11.93167,36.93417,42.7975
MiddleEast,AzerbaijanIran,MiddleEast,East,Logiya,2015,fall,y,2,4,3804116.906,3804.116906,5103256.874,5103.256874,0.745429242,1.4682E+12,1468195522,3.694,0.0057,1.7492,9/8/15 0:00,9/22/15 22:00,14.91666667,251,265,44.35583,37.11167,11.01017,41.21283
MiddleEast,AzerbaijanIran,MiddleEast,East,Logiya,2015,spring,y,2,4,4228707.267,4228.707267,14346113.79,14346.11379,0.29476326,2.02266E+12,2022655021,6.452,0.0047,2.0659,4/17/15 4:00,6/19/15 16:00,63.5,107,170,41.21317,11.01017,40.75267,42.62667
MiddleEast,AzerbaijanIran,MiddleEast,East,Logiya,2016,fall,y,2,5,4086753.407,4086.753407,4765729.504,4765.729504,0.857529451,1.47155E+12,1471545111,3.9844,0.0046,1.6234,9/15/16 0:00,9/27/16 18:00,12.75,259,271,46.97,38.51667,10.99933,41.203
MiddleEast,AzerbaijanIran,MiddleEast,East,Logiya,2016,spring,y,2,5,4150265.203,4150.265203,6818037.662,6818.037662,0.608718433,1.91189E+12,1911886585,3.6242,0.0052,1.4132,4/16/16 5:00,5/9/16 20:00,23.625,107,130,41.1955,10.98583,39.58967,45.00967
MiddleEast,AzerbaijanIran,MiddleEast,East,Logiya,2017,fall,y,2,6,4168234.683,4168.234683,5030533.247,5030.533247,0.828587046,1.65715E+12,1657145903,4.0515,0.0047,1.9514,9/15/17 8:00,9/27/17 22:00,12.58333333,258,270,47.066,39.14233,11.01267,41.204
MiddleEast,AzerbaijanIran,MiddleEast,East,Logiya,2017,spring,y,2,6,4165669.179,4165.669179,6862184.894,6862.184894,0.607047062,2.27455E+12,2274550897,3.7289,0.0058,1.4808,4/6/17 4:00,4/28/17 20:00,22.66666667,96,118,41.20483,11.03217,39.14467,47.06817
MiddleEast,AzerbaijanIran,MiddleEast,East,Logiya,2018,fall,y,2,6,4197196.748,4197.196748,4885026.885,4885.026885,0.859196243,1.57476E+12,1574758828,3.7765,0.0055,1.8343,9/6/18 10:00,9/19/18 20:00,13.41666667,249,262,47.23483,39.30367,11.00433,41.20317
MiddleEast,AzerbaijanIran,MiddleEast,East,Logiya,2018,spring,y,2,6,4166712.265,4166.712265,6144314.227,6144.314227,0.678141142,1.70828E+12,1708279135,3.3148,0.0044,1.2477,3/22/18 4:00,4/9/18 18:00,18.58333333,81,99,41.21667,11.00533,39.13617,47.0205
MiddleEast,Syunik,Armenia,East,Orada,2015,fall,y,2,2,4315107.633,4315.107633,6383621.233,6383.621233,0.675965487,1.84118E+12,1841184891,4.2621,0.0077,1.8253,8/28/15 3:00,9/27/15 21:00,30.75,240,270,46.94342,39.37217,10.21458,41.37153
MiddleEast,Syunik,Armenia,East,Orada,2016,fall,y,2,3,4278439.234,4278.439234,4756747.565,4756.747565,0.89944635,2.02099E+12,2020990426,3.7459,0.0022,0.7285,9/15/16 3:00,9/29/16 21:00,14.75,259,273,46.37397,39.49213,10.46773,42.05935
MiddleEast,Syunik,Armenia,East,Orada,2016,spring,y,2,3,4404991.627,4404.991627,7395656.802,7395.656802,0.595618718,2.52085E+12,2520853554,3.8665,0.0047,1.6674,3/14/16 2:00,6/5/16 21:00,83.79166667,74,157,40.97652,9.72205,39.67592,46.4902
Pyrenees,Pyrenees,France,West,Ossau,2018,fall,y,6,6,3064030.561,3064.030561,3270854.279,3270.854279,0.936767676,5.28031E+11,528031078.4,4.2139,0.0028,1.0548,9/1/18 5:00,9/15/18 9:00,14.16666667,244,258,-0.4131683,43.05646,17.0471,-11.14684
Greece,Greece,Greece,East,Paschalis,2013,fall,y,1,1,3358517.985,3358.517985,5368276.322,5368.276322,0.625623158,1.49853E+12,1498529444,4.0511,0.0074,1.6977,9/8/13 4:00,9/26/13 22:00,18.75,251,269,26.18,41.143,14.49533,14.34867
Douro,Douro,Portugal,West,Poiares,2017,fall,y,6,6,2662917.006,2662.917006,3144764.655,3144.764655,0.846777835,5.51474E+11,551473806,4.5787,0.0064,1.3767,9/22/17 8:00,10/6/17 20:00,14.5,265,279,-6.077599,40.81005,17.29855,-11.20607
Captive,Captive,Bulgaria,East,Polya,2018,fall,y,2,2,3422402.789,3422.402789,8249645.925,8249.645925,0.414854507,1.59057E+12,1590567465,5.3651,0.012,2.051,9/27/18 0:00,12/28/18 18:00,92.75,270,362,25.63063,41.60022,15.49378,33.81508
SFrance,SFrance,France,West,Provence,2017,fall,y,6,6,2911184.146,2911.184146,3679036.035,3679.036035,0.791289924,7.9133E+11,791329762.5,4.0736,0.0091,1.475,8/14/17 5:00,8/31/17 18:00,17.54166667,226,243,0.0479035,42.0176,17.1221,-9.559163
SFrance,SFrance,France,West,Provence,2018,fall,y,6,6,3261484.802,3261.484802,4195867.574,4195.867574,0.777308803,1.23073E+12,1230728242,3.9066,0.0088,1.5929,7/19/18 6:00,8/14/18 18:00,26.5,200,226,4.854308,43.59454,16.79244,-9.271122
SFrance,SFrance,France,West,Provence,2018,spring,y,6,6,3325693.31,3325.69331,5458639.851,5458.639851,0.609253111,1.05133E+12,1051331867,4.056,0.0087,1.3204,3/9/18 6:00,4/6/18 18:00,28.5,68,96,-9.168999,16.73103,44.15273,5.041228
Rioja,Rioja,Spain,West,Quel,2016,fall,y,1,1,3397781.949,3397.781949,4691952.909,4691.952909,0.724172219,7.92344E+11,792343875.4,4.4411,0.0063,1.5759,9/2/16 6:00,10/26/16 18:00,54.5,246,300,-2.043198,42.22732,13.65063,-14.25944
Douro,Douro,Portugal,West,Rupis,2016,fall,y,3,3,2986608.505,2986.608505,4155598.474,4155.598474,0.718695159,8.45194E+11,845193559,4.7812,0.0077,1.1107,9/20/16 9:00,10/10/16 20:00,20.45833333,264,284,-6.1026,40.82608,14.03362,-8.727017
Douro,Douro,Portugal,West,Rupis,2017,fall,y,3,4,2921835.338,2921.835338,3615499.718,3615.499718,0.808141492,9.13254E+11,913253966.7,4.4187,0.0066,1.35,9/14/17 7:00,9/29/17 20:00,15.54166667,257,272,-6.246749,41.11325,14.80448,-7.369966
Douro,Douro,Portugal,West,Rupis,2017,spring,y,3,4,3062388.058,3062.388058,4194356.719,4194.356719,0.730121033,1.2012E+12,1201203823,4.7746,0.0052,1.2932,4/2/17 9:00,4/18/17 20:00,16.45833333,92,108,-8.81645,13.88638,41.34828,-5.999683
Douro,Douro,Portugal,West,Rupis,2018,fall,y,3,5,2926530.388,2926.530388,3895700.214,3895.700214,0.751220635,1.21895E+12,1218946177,4.715,0.0093,1.4791,9/22/18 7:00,10/13/18 20:00,21.54166667,265,286,-6.148583,41.05467,14.71807,-7.599833
Douro,Douro,Portugal,West,Rupis,2018,spring,y,3,5,2704979.294,2704.979294,3090462.877,3090.462877,0.875266716,7.97146E+11,797145558.2,4.0712,0.0055,1.1841,3/19/18 7:00,4/1/18 20:00,13.54166667,78,91,-10.04238,17.31493,41.40453,-6.104816
Bulgaria,Bulgaria,Bulgaria,East,Sanie,2013,fall,y,1,1,3457086.972,3457.086972,6766137.962,6766.137962,0.510939474,1.82282E+12,1822817079,3.7757,0.0068,1.7808,9/18/13 9:00,10/9/13 23:00,21.58333333,261,282,25.87667,41.64283,13.63,16.034
Bulgaria,Bulgaria,Bulgaria,East,Sanie,2015,spring,y,1,3,3638623.212,3638.623212,10805500.27,10805.50027,0.336738061,1.65154E+12,1651544266,5.0718,0.0073,1.5898,5/4/15 0:00,6/18/15 23:00,45.95833333,124,169,17.507,12.58483,40.0925,31.53783
Bulgaria,Bulgaria,Bulgaria,East,Sanie,2016,fall,y,1,4,4250515.117,4250.515117,8920471.524,8920.471524,0.47648996,2.42406E+12,2424058632,4.77,0.0073,1.6662,8/21/16 5:00,9/25/16 22:00,35.70833333,234,269,25.8125,41.86583,12.351,40.5105
MiddleEast,Igdir,Turkey,East,Serhat,2014,fall,y,6,6,4071367.474,4071.367474,4704713.829,4704.713829,0.865380472,1.36317E+12,1363169934,4.1052,0.003,1.1262,9/20/14 1:00,10/8/14 11:00,18.41666667,263,281,45.00526,39.59299,11.43432,40.30329
Bulgaria,Bulgaria,Bulgaria,East,Spartacus,2010,fall,y,1,1,3571484.798,3571.484798,7185384.283,7185.384283,0.497048544,1.60801E+12,1608012780,3.5477,0.0066,2.019,9/13/10 11:00,11/12/10 23:00,60.5,256,316,25.89917,41.64217,12.61133,16.22867
Bulgaria,Bulgaria,Bulgaria,East,Svetlina,2012,fall,y,1,1,4329416.049,4329.416049,9296570.8,9296.5708,0.465700326,1.03893E+12,1038928998,6.3804,0.0081,2.0082,9/7/12 5:00,11/5/12 21:00,59.66666667,251,310,25.86733,41.589,13.43483,43.677
MiddleEast,Igdir,Turkey,East,Tuzluca,2013,fall,y,6,6,3756406.296,3756.406296,8776082.059,8776.082059,0.428027709,1.19736E+12,1197355201,7.0158,0.0105,1.8246,8/23/13 0:00,10/10/13 15:00,48.625,235,283,41.96779,37.90142,11.58788,41.17036
MiddleEast,Igdir,Turkey,East,Tuzluca,2014,fall,y,6,6,4010194.191,4010.194191,5240421.431,5240.421431,0.76524269,1.89863E+12,1898625081,4.411,0.0096,1.6743,9/6/14 0:00,9/26/14 23:00,20.95833333,249,269,42.20319,40.06395,11.78574,41.04264
MiddleEast,Igdir,Turkey,East,Tuzluca,2014,spring,y,6,6,4010903.014,4010.903014,5822089.931,5822.089931,0.688911209,1.11739E+12,1117391634,3.6336,0.0065,1.6514,4/7/14 0:00,4/29/14 22:00,22.91666667,97,119,41.34372,11.6104,39.29114,44.74147
MiddleEast,Igdir,Turkey,East,Tuzluca,2015,fall,y,6,6,4148459.814,4148.459814,6216955.312,6216.955312,0.667281588,2.01636E+12,2016363465,4.1061,0.0102,1.7496,7/30/15 1:00,9/29/15 22:00,61.875,211,272,44.74513,39.29036,10.70606,41.37931
MiddleEast,Igdir,Turkey,East,Tuzluca,2015,spring,y,6,6,4136699.891,4136.699891,6585865.629,6585.865629,0.62811787,1.89764E+12,1897636308,4.0722,0.0103,1.9779,1/28/15 1:00,4/5/15 22:00,67.875,28,95,41.36866,10.78206,39.28922,44.74798
MiddleEast,Igdir,Turkey,East,Tuzluca,2016,spring,y,6,6,3888964.538,3888.964538,6102605.271,6102.605271,0.637262999,1.41313E+12,1413134606,3.6335,0.0101,1.7047,3/14/16 0:00,4/15/16 23:00,32.95833333,74,106,41.32888,11.61981,38.30201,44.97292
Bulgaria,Bulgaria,Bulgaria,East,Volen,2012,fall,y,1,1,3625271.707,3625.271707,5511291.557,5511.291557,0.657789861,1.69207E+12,1692065688,3.5749,0.0071,1.774,9/5/12 7:00,9/26/12 23:00,21.66666667,249,270,27.43617,43.18017,13.69817,26.6745
Bulgaria,Bulgaria,Bulgaria,East,Volen,2014,spring,y,1,3,3877712.021,3877.712021,12713940.32,12713.94032,0.304996871,1.63984E+12,1639835729,7.3475,0.0079,1.9345,4/29/14 5:00,6/26/14 23:00,58.75,119,177,27.4055,10.2445,40.2055,34.239
Gipuzkoa,Gipuzkoa,Spain,West,Zuri,2017,fall,y,1,1,3140460.794,3140.460794,3866870.688,3866.870688,0.812145284,1.23744E+12,1237436548,4.2494,0.0089,1.5739,9/8/17 6:00,9/22/17 23:00,14.70833333,251,265,-2.690003,42.80599,16.02409,-12.99847