subpopbroad,subpopfine,country,subpopulation,route,ID,year,season,full_migration,agedeploy,agemigr,totaldistance,totaldistkm,cumulativedistance,cumulativedistkm,straightness,msd,msdkm,intensityuse,sinuosity,tac,start,end,durationdays,julian_start,julian_end,startlong,startlat,endlat,endlong
,,,,,,,,,,,,,,,,,,,,,,,,,,,,,
Gipuzkoa,Gipuzkoa,Spain,West,West,Endoia,2017,fall,n,1,1,1917004,1917,2152093,2152,0.8908,1.73E+11,173456629,3.7638,0.003,1.2967,03/09/2017 06:00,11/09/2017 17:00,8.4583,246,254,-2.27745,43.19814,25.96828,-3.9862
,,,,,,,,,,,,,,,,,,,,,,,,,,,,,
Bulgaria,Bulgaria,Bulgaria,Balkans,East,Iliaz,2014,spring,n,1,3,2115740,2116,15160179,15160,0.1396,4.33E+11,433268754,10.1671,0.0074,2.1148,3/29/14 5:00,6/17/14 23:00,80.75,88,168,20.54183,10.73583,26.60383,27.74617
,,,,,,,,,,,,,,,,,,,,,,,,,,,,,
Bulgaria,Bulgaria,Bulgaria,Balkans,East,Iliaz,2015,fall,n,1,4,454351,454,7886702,7887,0.0576,15938416200,15938416,23.2225,0.0129,2.2881,01/07/2015 00:00,02/11/2015 23:00,124.9583,182,306,18.756,13.666,10.93717,21.4345
,,,,,,,,,,,,,,,,,,,,,,,,,,,,,
Bulgaria,Bulgaria,Bulgaria,Balkans,East,Iliaz,2015,spring,n,1,4,2741528,2742,6729690,6730,0.4074,1.05E+12,1046003679,4.4358,0.0073,1.7354,09/04/2015 00:00,12/05/2015 23:00,33.9583,99,132,14.5345,11.30133,30.95167,27.36383
,,,,,,,,,,,,,,,,,,,,,,,,,,,,,
Greece,Greece,Greece,Balkans,East,Levkipos,2014,spring,n,1,3,1824476,1824,12049401,12049,0.1514,5.15E+11,514744728,7.9899,0.0077,1.9712,4/30/14 2:00,6/22/14 23:00,53.875,120,173,26.32854,10.53062,23.91167,31.46883
,,,,,,,,,,,,,,,,,,,,,,,,,,,,,
Dagestan,Dagestan,Dagestan,Middle_East,East,Malysh,2017,fall,y,1,1,3019455,3019,3730454,3730,0.8094,9.00E+11,899863076,3.8603,0.0074,1.2327,9/16/17 6:00,02/10/2017 17:00,16.4583,259,275,47.18057,42.98445,22.08486,40.05538
,,,,,,,,,,,,,,,,,,,,,,,,,,,,,
Bulgaria,Bulgaria,Bulgaria,Balkans,East,Sanie,2016,spring,y,1,4,3864779,3865,7498363,7498,0.5154,1.64E+12,1644812540,3.942,0.0071,1.9801,4/13/16 0:00,5/13/16 23:00,30.9583,104,134,17.01617,12.8335,40.4985,34.86283
,,,,,,,,,,,,,,,,,,,,,,,,,,,,,
Dagestan,Dagestan,Dagestan,Middle_East,East,Sarygush,2017,fall,n,1,1,1190358,1190,3131026,3131,0.3802,1.88E+11,188473980,4.9836,0.0085,1.2769,07/09/2017 06:00,9/22/17 17:00,15.4583,250,265,46.77717,43.15854,34.69181,44.03066
,,,,,,,,,,,,,,,,,,,,,,,,,,,,,
Bulgaria,Bulgaria,Bulgaria,Balkans,East,Svetlina,2014,spring,n,1,3,1138857,1139,4409002,4409,0.2583,1.26E+11,125556392,7.5502,0.0069,2.0546,5/24/14 4:00,10/06/2014 22:00,17.75,144,161,40.634,10.49133,17.91383,38.27417
,,,,,,,,,,,,,,,,,,,,,,,,,,,,,
Galicia,Galicia,Spain,West,West,X2HP,2016,fall,n,1,1,1043022,1043,2361975,2362,0.4416,2.01E+11,201059712,3.8352,0.0064,1.9734,7/25/16 7:00,10/10/2016 11:00,77.1667,207,284,-4.10003,40.95475,31.56495,-4.67987
,,,,,,,,,,,,,,,,,,,,,,,,,,,,,
Galicia,Galicia,Spain,West,West,X2HP,2018,fall,n,1,3,1570373,1570,1881555,1882,0.8346,2.27E+11,226902827,3.7382,0.0047,1.6668,8/23/18 6:00,8/31/18 18:00,8.5,235,243,-5.89675,41.0609,27.06692,-8.30852
,,,,,,,,,,,,,,,,,,,,,,,,,,,,,
Galicia,Galicia,Spain,West,West,X2HP,2018,spring,n,1,3,1660930,1661,3021065,3021,0.5498,1.53E+11,152525110,4.8615,0.0038,1.4506,4/23/18 8:00,5/17/18 20:00,24.5,113,137,-8.25722,27.26282,42.18812,-7.42293
,,,,,,,,,,,,,,,,,,,,,,,,,,,,,
Galicia,Galicia,Spain,West,West,X2HN,2015,fall,y,1,1,3075597,3076,5239482,5239,0.587,1.03E+12,1033552404,4.048,0.0073,1.4572,10/09/2015 10:00,10/14/15 21:00,34.4583,253,287,-7.25833,42.31167,14.61717,-7.60933
,,,,,,,,,,,,,,,,,,,,,,,,,,,,,
Galicia,Galicia,Spain,West,West,X2HN,2018,fall,y,1,4,2774734,2775,3461320,3461,0.8016,1.07E+12,1073442662,3.8747,0.0069,1.5245,01/09/2018 11:00,9/22/18 22:00,21.4583,244,265,-6.32317,40.70067,15.77667,-8.33967
,,,,,,,,,,,,,,,,,,,,,,,,,,,,,
Galicia,Galicia,Spain,West,West,X2HN,2018,spring,y,1,4,2988464,2988,6610717,6611,0.4521,7.73E+11,773004247,4.8263,0.0073,2.0795,3/18/18 12:00,05/05/2018 23:00,48.4583,77,125,-7.957,16.98867,43.32417,-1.29667
,,,,,,,,,,,,,,,,,,,,,,,,,,,,,
Galicia,Galicia,Spain,West,West,X95N,2018,fall,y,6,6,2788167,2788,3090145,3090,0.9023,7.34E+11,733530705,5.911,0.0078,1.1924,09/09/2018 06:00,9/21/18 19:00,12.5417,252,264,-3.63392,41.48524,16.68288,-8.287
,,,,,,,,,,,,,,,,,,,,,,,,,,,,,
Galicia,Galicia,Spain,West,West,X95P,2018,fall,y,1,1,3058447,3058,5116372,5116,0.5978,8.30E+11,830275884,5.1876,0.0111,1.7518,9/23/18 7:00,05/11/2018 19:00,43.5,266,309,-6.73996,39.0414,13.2379,-16.73452
,,,,,,,,,,,,,,,,,,,,,,,,,,,,,
Galicia,Galicia,Spain,West,West,X95R,2016,fall,y,1,1,2928873,2929,4094112,4094,0.7154,1.08E+12,1082920964,4.1353,0.0097,1.6365,07/09/2016 07:00,01/10/2016 21:00,24.5833,251,275,-5.37578,43.25449,16.87701,-3.54849
,,,,,,,,,,,,,,,,,,,,,,,,,,,,,
Galicia,Galicia,Spain,West,West,X9FH,2017,fall,y,1,1,2984699,2985,5034566,5035,0.5928,9.60E+11,960174519,4.7019,0.0125,1.9109,08/10/2017 00:00,11/21/17 23:00,44.9583,281,325,-6.81,39.65686,14.57025,-16.92398
,,,,,,,,,,,,,,,,,,,,,,,,,,,,,
Galicia,Galicia,Spain,West,West,X9FJ,2017,fall,y,1,1,2891366,2891,5195569,5196,0.5565,7.82E+11,781592610,4.5984,0.0106,1.7568,12/08/2017 08:00,9/18/17 20:00,37.5,224,261,-6.84508,42.48742,16.47537,-4.79578
,,,,,,,,,,,,,,,,,,,,,,,,,,,,,
Valencia,Valencia,Spain,West,West,A75657,2007,fall,y,6,6,2811934,2812,4079989,4080,0.6892,8.36E+11,836458660,3.8082,0.0062,1.7338,08/09/2007 00:00,9/25/07 18:00,17.75,251,268,-0.57183,40.2505,17.087,-12.25217
,,,,,,,,,,,,,,,,,,,,,,,,,,,,,
Valencia,Valencia,Spain,West,West,A75657,2008,fall,y,6,6,2800208,2800,3442670,3443,0.8134,7.98E+11,798149388,3.539,0.0045,1.3585,02/09/2008 00:00,9/13/08 22:00,11.9167,246,257,-1.83033,40.8415,16.9805,-11.18033
,,,,,,,,,,,,,,,,,,,,,,,,,,,,,
Valencia,Valencia,Spain,West,West,A75657,2008,spring,y,6,6,2939258,2939,3569267,3569,0.8235,7.34E+11,734425808,3.9399,0.0041,1.5411,01/03/2008 01:00,3/14/08 21:00,13.8333,61,74,-14.39833,16.8235,40.8415,-1.83033
,,,,,,,,,,,,,,,,,,,,,,,,,,,,,
Valencia,Valencia,Spain,West,West,A75657,2009,fall,y,6,6,2824551,2825,3712916,3713,0.7607,9.35E+11,934683501,4.9758,0.0055,2.0796,9/15/09 0:00,01/10/2009 20:00,16.8333,258,274,-1.83483,40.85,17.11683,-12.2715
,,,,,,,,,,,,,,,,,,,,,,,,,,,,,
Valencia,Valencia,Spain,West,West,A75657,2009,spring,y,6,6,2943446,2943,3487634,3488,0.844,5.23E+11,523445195,5.7391,0.0055,1.4811,2/23/09 1:00,3/17/09 23:00,22.9167,54,76,-14.04583,16.639,40.8415,-1.83033
,,,,,,,,,,,,,,,,,,,,,,,,,,,,,
Valencia,Valencia,Spain,West,West,A75657,2010,fall,y,6,6,2829989,2830,3534353,3534,0.8007,8.25E+11,825269066,4.3058,0.0057,2.0926,10/09/2010 02:00,9/24/10 22:00,14.8333,253,267,-1.97833,40.82333,17.05433,-12.44533
,,,,,,,,,,,,,,,,,,,,,,,,,,,,,
Valencia,Valencia,Spain,West,West,A75657,2010,spring,y,6,6,2919417,2919,3499175,3499,0.8343,8.22E+11,822230465,4.9565,0.0062,1.4206,03/03/2010 01:00,3/24/10 17:00,21.6667,62,83,-13.82483,16.742,40.82667,-1.90233
,,,,,,,,,,,,,,,,,,,,,,,,,,,,,
Valencia,Valencia,Spain,West,West,A75657,2011,fall,y,6,6,2826527,2827,3426768,3427,0.8248,8.13E+11,813462247,3.9988,0.0054,1.7473,05/09/2011 00:00,9/16/11 22:00,11.9167,248,259,-1.83617,40.85017,16.8605,-11.56333
,,,,,,,,,,,,,,,,,,,,,,,,,,,,,
Valencia,Valencia,Spain,West,West,A75657,2011,spring,y,6,6,2839452,2839,3396849,3397,0.8359,1.09E+12,1090101672,4.1422,0.0045,1.7265,2/28/11 1:00,3/21/11 19:00,21.75,59,80,-14.0875,17.23733,40.51417,-2.12533
,,,,,,,,,,,,,,,,,,,,,,,,,,,,,
Valencia,Valencia,Spain,West,West,A75657,2012,fall,y,6,6,2821434,2821,3451448,3451,0.8175,7.05E+11,705009743,4.1458,0.0049,1.6977,8/31/12 0:00,11/09/2012 22:00,11.9167,244,255,-1.838,40.85,16.92933,-11.62967
,,,,,,,,,,,,,,,,,,,,,,,,,,,,,
Valencia,Valencia,Spain,West,West,A75657,2012,spring,y,6,6,2959742,2960,3549477,3549,0.8339,6.08E+11,608186647,4.2007,0.0052,1.3765,2/26/12 13:00,3/14/12 19:00,17.25,57,74,-14.96567,16.85317,40.82583,-1.8255
,,,,,,,,,,,,,,,,,,,,,,,,,,,,,
Valencia,Valencia,Spain,West,West,A75657,2013,fall,y,6,6,2823670,2824,3531257,3531,0.7996,1.12E+12,1120758336,3.4254,0.0062,1.8386,09/09/2013 00:00,9/21/13 22:00,12.9167,252,264,-0.47767,40.22483,17.07167,-12.47017
,,,,,,,,,,,,,,,,,,,,,,,,,,,,,
Valencia,Valencia,Spain,West,West,A75657,2013,spring,y,6,6,2922998,2923,3443968,3444,0.8487,7.40E+11,740081663,4.6137,0.0053,1.9362,2/25/13 1:00,3/22/13 23:00,25.9167,56,81,-13.93533,16.732,40.22417,-0.47617
,,,,,,,,,,,,,,,,,,,,,,,,,,,,,
Valencia,Valencia,Spain,West,West,A75658,2009,fall,y,1,1,2597272,2597,4410820,4411,0.5888,6.92E+11,691722731,4.0766,0.0066,2.1472,08/09/2009 08:00,08/10/2009 22:00,30.5833,251,281,-3.35467,39.107,15.66267,-2.998
,,,,,,,,,,,,,,,,,,,,,,,,,,,,,
Valencia,Valencia,Spain,West,West,A75659,2009,fall,y,6,6,2788616,2789,3372648,3373,0.8268,8.46E+11,846040085,3.4769,0.0055,1.7913,07/09/2009 12:00,9/24/09 22:00,17.4167,250,267,-2.23483,40.686,16.33467,-9.34633
,,,,,,,,,,,,,,,,,,,,,,,,,,,,,
Valencia,Valencia,Spain,West,West,A75659,2010,fall,y,6,6,2891524,2892,3478371,3478,0.8313,9.17E+11,916510868,4.1979,0.0064,1.8295,08/09/2010 00:00,9/25/10 22:00,17.9167,251,268,-1.8305,40.8415,15.835,-10.1765
,,,,,,,,,,,,,,,,,,,,,,,,,,,,,
Valencia,Valencia,Spain,West,West,A75659,2010,spring,y,6,6,3129245,3129,4408278,4408,0.7099,8.14E+11,813780270,3.6838,0.0059,1.5846,2/28/10 1:00,3/19/10 23:00,19.9167,59,78,-11.35983,13.93467,40.82517,-1.82633
,,,,,,,,,,,,,,,,,,,,,,,,,,,,,
Valencia,Valencia,Spain,West,West,A75659,2011,spring,y,6,6,2989196,2989,3645449,3645,0.82,8.96E+11,896086934,4.7212,0.0073,1.8076,2/26/11 1:00,3/20/11 21:00,22.8333,57,79,-11.164,15.0515,40.787,-2.20017
,,,,,,,,,,,,,,,,,,,,,,,,,,,,,
Valencia,Valencia,Spain,West,West,A80419,2008,fall,y,6,6,2790822,2791,3252749,3253,0.858,8.87E+11,886947111,3.8397,0.0053,1.4804,9/19/08 0:00,03/10/2008 22:00,14.9167,263,277,-1.78267,40.871,16.4495,-8.724
,,,,,,,,,,,,,,,,,,,,,,,,,,,,,
Valencia,Valencia,Spain,West,West,A80419,2009,fall,y,6,6,2737350,2737,3114379,3114,0.8789,7.95E+11,794989973,3.5753,0.0048,1.5016,04/09/2009 00:00,9/19/09 22:00,15.9167,247,262,-1.836,40.84983,16.73833,-7.914
,,,,,,,,,,,,,,,,,,,,,,,,,,,,,
Valencia,Valencia,Spain,West,West,A80419,2009,spring,y,6,6,3083915,3084,3462401,3462,0.8907,1.09E+12,1088084946,4.0971,0.0049,1.7799,2/16/09 1:00,09/03/2009 17:00,21.6667,47,68,-9.913,13.94333,40.80533,-1.83467
,,,,,,,,,,,,,,,,,,,,,,,,,,,,,
Valencia,Valencia,Spain,West,West,A80419,2010,fall,y,6,6,2803271,2803,3345133,3345,0.838,6.13E+11,613192745,4.1857,0.005,1.7741,10/09/2010 12:00,9/28/10 22:00,18.4167,253,271,-2.07983,40.62717,16.2835,-9.78733
,,,,,,,,,,,,,,,,,,,,,,,,,,,,,
Valencia,Valencia,Spain,West,West,A80419,2010,spring,y,6,6,3091698,3092,3596896,3597,0.8595,8.97E+11,897134280,4.1086,0.0051,1.2054,2/13/10 1:00,01/03/2010 23:00,16.9167,44,60,-9.4615,13.784,40.82517,-1.82633
,,,,,,,,,,,,,,,,,,,,,,,,,,,,,
Valencia,Valencia,Spain,West,West,A80419,2011,spring,y,6,6,3083766,3084,3672451,3672,0.8397,8.37E+11,837106325,3.5788,0.0057,1.8638,2/18/11 7:00,06/03/2011 23:00,16.6667,49,65,-9.34517,13.83033,40.82517,-1.82633
,,,,,,,,,,,,,,,,,,,,,,,,,,,,,
Valencia,Valencia,Spain,West,West,A80420,2009,fall,y,6,6,2678183,2678,3701403,3701,0.7236,7.44E+11,744025194,3.5687,0.0065,1.5258,02/09/2009 02:00,9/21/09 23:00,19.875,245,264,-2.21283,40.77833,16.79967,1.0895
,,,,,,,,,,,,,,,,,,,,,,,,,,,,,
Valencia,Valencia,Spain,West,West,A80420,2010,fall,y,6,6,2779832,2780,3864580,3865,0.7193,6.97E+11,696852702,3.1301,0.0051,1.7819,08/09/2010 00:00,9/23/10 23:00,15.9583,251,266,-1.83783,40.85,16.08833,2.4955
,,,,,,,,,,,,,,,,,,,,,,,,,,,,,
Valencia,Valencia,Spain,West,West,A80420,2010,spring,y,6,6,2864987,2865,3577557,3578,0.8008,7.73E+11,773371479,3.5591,0.0054,1.3746,2/26/10 13:00,3/16/10 17:00,18.1667,57,75,-5.526,14.97667,40.68383,-2.37517
,,,,,,,,,,,,,,,,,,,,,,,,,,,,,
Valencia,Valencia,Spain,West,West,A80420,2011,fall,y,6,6,2693971,2694,3230061,3230,0.834,7.42E+11,742229086,3.3602,0.0046,1.2885,04/09/2011 02:00,9/16/11 23:00,12.875,247,259,-2.218,40.76933,16.69067,1.44717
,,,,,,,,,,,,,,,,,,,,,,,,,,,,,
Valencia,Valencia,Spain,West,West,A80420,2011,spring,y,6,6,2786084,2786,3491591,3492,0.7979,9.06E+11,906403662,3.4589,0.0071,1.8386,2/25/11 1:00,3/18/11 21:00,21.8333,56,77,-5.44183,15.752,40.731,-2.165
,,,,,,,,,,,,,,,,,,,,,,,,,,,,,
Valencia,Valencia,Spain,West,West,A80420,2012,fall,y,6,6,2462161,2462,2776472,2776,0.8868,5.30E+11,529680301,3.9323,0.0049,1.4372,02/09/2012 02:00,9/16/12 23:00,14.875,246,260,-4.39933,38.62533,17.22983,2.3455
,,,,,,,,,,,,,,,,,,,,,,,,,,,,,
Valencia,Valencia,Spain,West,West,A80420,2012,spring,y,6,6,2896821,2897,4040036,4040,0.717,9.72E+11,972275226,3.2795,0.0052,1.9246,2/17/12 1:00,09/03/2012 23:00,21.9167,48,69,-5.11817,14.85583,40.8415,-1.83033
,,,,,,,,,,,,,,,,,,,,,,,,,,,,,
Valencia,Valencia,Spain,West,West,A80420,2013,spring,y,6,6,2892783,2893,4562522,4563,0.634,1.10E+12,1102024978,3.8291,0.0062,1.9816,10/02/2013 01:00,3/15/13 23:00,33.9167,41,74,-5.10433,14.87617,40.82967,-1.86283
,,,,,,,,,,,,,,,,,,,,,,,,,,,,,
Valencia,Valencia,Spain,West,West,A89730,2009,fall,y,6,6,2523175,2523,2676508,2677,0.9427,7.45E+11,744778774,4.338,0.0015,0.0261,8/21/09 2:00,01/09/2009 02:00,11,233,244,-3.93283,39.4265,17.03683,-8.46417
,,,,,,,,,,,,,,,,,,,,,,,,,,,,,
Valencia,Valencia,Spain,West,West,A89730,2010,fall,y,6,6,2349726,2350,2565692,2566,0.9158,7.29E+11,729023448,4.5887,0.0023,0.1529,8/14/10 2:00,8/30/10 2:00,16,226,242,-4.41983,38.641,18.20917,-10.62817
,,,,,,,,,,,,,,,,,,,,,,,,,,,,,
Valencia,Valencia,Spain,West,West,A89730,2010,spring,y,6,6,2529840,2530,2890008,2890,0.8754,8.07E+11,807417345,3.4966,0.0018,0.1911,08/03/2010 01:00,3/26/10 1:00,18,67,85,-9.58267,16.32017,38.6425,-4.423
,,,,,,,,,,,,,,,,,,,,,,,,,,,,,
Valencia,Valencia,Spain,West,West,A89730,2011,fall,y,6,6,2692753,2693,2840249,2840,0.9481,7.85E+11,784746582,4.4274,0.001,0.0328,8/28/11 2:00,09/09/2011 02:00,12,240,252,-2.4605,40.71733,16.7175,-6.76183
,,,,,,,,,,,,,,,,,,,,,,,,,,,,,
Valencia,Valencia,Spain,West,West,A89730,2011,spring,y,6,6,2597480,2597,3347217,3347,0.776,8.85E+11,884593448,4.1506,0.0039,0.8895,2/22/11 1:00,3/22/11 1:00,28,53,81,-10.00467,18.07,40.55817,-2.56517
,,,,,,,,,,,,,,,,,,,,,,,,,,,,,
Valencia,Valencia,Spain,West,West,A89730,2012,fall,y,6,6,2406802,2407,2593981,2594,0.9278,7.61E+11,760876586,3.7619,0.0015,0.017,07/08/2012 02:00,8/18/12 2:00,11,220,231,-4.73667,38.3155,16.94583,-8.888
,,,,,,,,,,,,,,,,,,,,,,,,,,,,,
Valencia,Valencia,Spain,West,West,A89730,2012,spring,y,6,6,2695543,2696,3405007,3405,0.7916,6.82E+11,682390181,3.2287,0.0014,0.0469,2/27/12 1:00,3/16/12 1:00,18,58,76,-8.18383,16.935,40.71967,-2.4495
,,,,,,,,,,,,,,,,,,,,,,,,,,,,,
Valencia,Valencia,Spain,West,West,A89730,2013,spring,y,6,6,2666341,2666,2963097,2963,0.8998,8.49E+11,848945055,3.5411,0.0025,1.2864,2/21/13 1:00,3/15/13 1:00,22,52,74,-7.774,17.1185,40.71,-2.44017
,,,,,,,,,,,,,,,,,,,,,,,,,,,,,
Valencia,Valencia,Spain,West,West,A89731,2009,fall,y,6,6,2504609,2505,3051760,3052,0.8207,7.50E+11,750128161,3.3334,0.0018,0.3046,08/09/2009 02:00,9/22/09 2:00,14,251,265,-4.304,39.1785,16.8685,-8.21517
,,,,,,,,,,,,,,,,,,,,,,,,,,,,,
Valencia,Valencia,Spain,West,West,A89731,2010,fall,y,6,6,2537953,2538,3166362,3166,0.8015,6.78E+11,677752483,3.6484,0.0027,0.8692,06/09/2010 02:00,9/28/10 2:00,22,249,271,-3.466,38.67733,16.10983,-7.768
,,,,,,,,,,,,,,,,,,,,,,,,,,,,,
Valencia,Valencia,Spain,West,West,A89731,2010,spring,y,6,6,2736437,2736,3111973,3112,0.8793,7.78E+11,777830521,3.9993,0.0015,0.1925,2/27/10 1:00,3/15/10 1:00,16,58,74,-7.9935,16.7335,40.82533,-1.86233
,,,,,,,,,,,,,,,,,,,,,,,,,,,,,
Valencia,Valencia,Spain,West,West,A89731,2011,fall,y,6,6,2780811,2781,3093887,3094,0.8988,8.68E+11,868109882,3.992,0.0016,0.8734,11/09/2011 02:00,9/26/11 2:00,15,254,269,-1.83567,40.85017,16.468,-8.5335
,,,,,,,,,,,,,,,,,,,,,,,,,,,,,
Valencia,Valencia,Spain,West,West,A89731,2011,spring,y,6,6,2819254,2819,3806073,3806,0.7407,9.48E+11,948026334,3.3155,0.0021,1.0641,2/18/11 1:00,3/15/11 1:00,25,49,74,-8.71383,16.13,40.825,-1.82617
,,,,,,,,,,,,,,,,,,,,,,,,,,,,,
Valencia,Valencia,Spain,West,West,A89731,2012,spring,y,6,6,2852979,2853,3461631,3462,0.8242,7.66E+11,766168919,3.5526,0.0019,0.2417,2/22/12 1:00,3/13/12 1:00,20,53,73,-8.5435,15.75533,40.81017,-1.8835
,,,,,,,,,,,,,,,,,,,,,,,,,,,,,
MiddleEast,Igdir,Turkey,Middle_East,East,Agri,2013,fall,y,6,6,4493695,4494,5296549,5297,0.8484,1.88E+12,1876572756,4.4912,0.0068,1.4647,11/09/2013 00:00,9/27/13 23:00,16.9583,254,270,42.97667,39.744,9.47717,45.497
,,,,,,,,,,,,,,,,,,,,,,,,,,,,,
MiddleEast,Igdir,Turkey,Middle_East,East,Agri,2014,spring,y,6,6,4560509,4561,6251533,6252,0.7295,2.09E+12,2086040029,3.2446,0.0044,1.8169,3/21/14 0:00,07/04/2014 23:00,17.9583,80,97,45.445,9.3735,40.07783,43.67017
,,,,,,,,,,,,,,,,,,,,,,,,,,,,,
Captive,Captive,Bulgaria,Balkans,East,Akaga,2018,fall,y,2,2,4353076,4353,7324430,7324,0.5943,2.10E+12,2099910210,4.1732,0.0098,1.787,8/25/18 0:00,9/21/18 23:00,27.9583,237,264,25.63801,41.59799,12.03957,41.64042
,,,,,,,,,,,,,,,,,,,,,,,,,,,,,
Israel,Israel,Israel,Middle_East,East,Amud,2018,fall,y,1,1,2993095,2993,6045260,6045,0.4951,2.81E+11,280712051,9.5275,0.0107,1.9144,9/18/18 5:00,11/13/18 18:00,56.5417,261,317,35.56094,32.93507,11.05152,27.21755
,,,,,,,,,,,,,,,,,,,,,,,,,,,,,
Greece,Greece,Greece,Balkans,East,Aoos,2015,fall,y,6,6,3194897,3195,7232630,7233,0.4417,2.37E+12,2366104429,3.4363,0.0058,1.9013,04/09/2015 00:00,01/10/2015 22:00,27.9167,247,274,20.53867,40.1335,13.0345,16.449
,,,,,,,,,,,,,,,,,,,,,,,,,,,,,
Greece,Greece,Greece,Balkans,East,Aoos,2016,fall,y,6,6,3202528,3203,6273891,6274,0.5105,1.70E+12,1695011640,3.0334,0.006,1.5511,9/21/16 0:00,09/10/2016 22:00,18.9167,265,283,20.53683,40.1325,12.98217,16.11
,,,,,,,,,,,,,,,,,,,,,,,,,,,,,
Greece,Greece,Greece,Balkans,East,Aoos,2016,spring,y,6,6,3558359,3558,7339760,7340,0.4848,1.79E+12,1791999862,3.8182,0.0072,1.4648,3/16/16 5:00,4/18/16 13:00,33.3333,76,109,15.53517,12.78,41.20667,26.85417
,,,,,,,,,,,,,,,,,,,,,,,,,,,,,
Greece,Greece,Greece,Balkans,East,Aoos,2017,fall,y,6,6,3194934,3195,6446228,6446,0.4956,2.24E+12,2243788470,3.1727,0.0058,1.808,9/13/17 10:00,04/10/2017 22:00,21.5,256,277,20.53817,40.13367,13.03467,16.438
,,,,,,,,,,,,,,,,,,,,,,,,,,,,,
Greece,Greece,Greece,Balkans,East,Aoos,2017,spring,y,6,6,3193135,3193,8619325,8619,0.3705,1.88E+12,1875578219,3.9862,0.0064,2.0437,08/03/2017 03:00,4/13/17 18:00,36.625,67,103,15.70918,12.8146,39.91236,20.24532
,,,,,,,,,,,,,,,,,,,,,,,,,,,,,
Greece,Greece,Greece,Balkans,East,Aoos,2018,fall,y,6,6,3063019,3063,6381477,6381,0.48,1.57E+12,1566725215,3.1933,0.0058,2.0895,8/13/18 16:00,04/09/2018 22:00,22.25,225,247,21.60083,41.15783,15.2755,19.28
,,,,,,,,,,,,,,,,,,,,,,,,,,,,,
Greece,Greece,Greece,Balkans,East,Aoos,2018,spring,y,6,6,3218787,3219,7317031,7317,0.4399,1.85E+12,1849893545,3.5787,0.0061,1.7699,04/03/2018 05:00,05/04/2018 06:00,32.0417,63,95,15.788,12.856,40.11728,20.59574
,,,,,,,,,,,,,,,,,,,,,,,,,,,,,
MiddleEast,Igdir,Turkey,Middle_East,East,Aras,2012,fall,y,2,2,3853779,3854,5088693,5089,0.7573,1.34E+12,1335246291,3.5198,0.0052,1.4595,04/09/2012 00:00,9/23/12 22:00,19.9167,248,267,43.68417,40.06133,13.45317,43.60433
,,,,,,,,,,,,,,,,,,,,,,,,,,,,,
Bulgaria,Bulgaria,Bulgaria,Balkans,East,Arda,2012,fall,y,1,1,3464250,3464,6073639,6074,0.5704,1.20E+12,1197481479,3.7239,0.0065,1.7257,9/20/12 5:00,10/14/12 23:00,24.75,264,288,25.881,41.64133,13.3125,25.94167
,,,,,,,,,,,,,,,,,,,,,,,,,,,,,
MiddleEast,Igdir,Turkey,Middle_East,East,Ardahan,2013,fall,y,6,6,4267713,4268,5725883,5726,0.7453,2.33E+12,2326462278,4.6617,0.0092,1.7999,8/22/13 0:00,9/16/13 14:00,25.5833,234,259,43.68973,40.06114,10.27553,40.75225
,,,,,,,,,,,,,,,,,,,,,,,,,,,,,
MiddleEast,Igdir,Turkey,Middle_East,East,Ardahan,2014,spring,y,6,6,4220298,4220,6421626,6422,0.6572,1.56E+12,1558668214,3.6795,0.0085,1.4496,10/04/2014 00:00,4/29/14 23:00,19.9583,100,119,40.68311,10.59117,40.07471,43.67308
,,,,,,,,,,,,,,,,,,,,,,,,,,,,,
MiddleEast,Syunik,Armenia,Middle_East,East,Armenia2,2015,fall,y,2,2,4693775,4694,7031822,7032,0.6675,1.68E+12,1675722508,5.3504,0.0079,1.8442,8/31/15 0:00,11/10/2015 21:00,41.875,243,284,46.5406,39.15735,7.68553,43.09158
,,,,,,,,,,,,,,,,,,,,,,,,,,,,,
MiddleEast,Syunik,Armenia,Middle_East,East,Armenia3,2015,fall,y,6,6,4838649,4839,5278826,5279,0.9166,2.07E+12,2067628230,4.5356,0.0028,2.0933,9/20/15 0:00,09/10/2015 21:00,19.875,263,282,46.5402,39.15753,6.82397,43.4534
,,,,,,,,,,,,,,,,,,,,,,,,,,,,,
Douro,Douro,Spain,West,West,Batuecasa,2017,fall,y,6,6,2686258,2686,3218783,3219,0.8346,7.25E+11,725279258,3.8188,0.0097,1.4904,9/13/17 1:00,9/25/17 21:00,12.8333,256,268,-6.05009,40.94838,16.99182,-9.72339
,,,,,,,,,,,,,,,,,,,,,,,,,,,,,
Douro,Douro,Spain,West,West,Batuecasa,2018,fall,y,6,6,2727475,2727,3207471,3207,0.8504,9.14E+11,913906914,3.7702,0.007,1.0817,9/21/18 6:00,9/30/18 21:00,9.625,264,273,-6.54042,41.09018,16.65152,-9.15019
,,,,,,,,,,,,,,,,,,,,,,,,,,,,,
Douro,Douro,Spain,West,West,Batuecasa,2018,spring,y,6,6,2660860,2661,3357410,3357,0.7925,8.46E+11,846391523,3.7741,0.0103,1.7414,2/14/18 2:00,07/03/2018 20:00,21.75,45,66,-9.87781,17.34562,41.10122,-6.54201
,,,,,,,,,,,,,,,,,,,,,,,,,,,,,
Captive,Captive,Bulgaria,Balkans,East,Blanka,2018,fall,y,1,1,4629044,4629,7399640,7400,0.6256,3.02E+12,3016923377,3.7642,0.0105,1.8024,02/09/2018 00:00,10/31/18 18:00,59.75,245,304,25.69633,41.57687,8.90454,39.92696
,,,,,,,,,,,,,,,,,,,,,,,,,,,,,
Bulgaria,Bulgaria,Bulgaria,Balkans,East,Boris,2015,fall,y,6,6,4340233,4340,5650124,5650,0.7682,2.03E+12,2026951087,3.6206,0.0059,1.2544,9/14/15 5:00,9/28/15 22:00,14.7083,257,271,25.62567,41.60267,12.40267,42.06117
,,,,,,,,,,,,,,,,,,,,,,,,,,,,,
Bulgaria,Bulgaria,Bulgaria,Balkans,East,Boris,2016,fall,y,6,6,4399278,4399,5440475,5440,0.8086,1.95E+12,1945645102,3.8884,0.0058,1.5145,9/24/16 5:00,05/10/2016 22:00,11.7083,268,279,25.67583,41.631,13.01233,43.706
,,,,,,,,,,,,,,,,,,,,,,,,,,,,,
Bulgaria,Bulgaria,Bulgaria,Balkans,East,Boris,2016,spring,y,6,6,4558259,4558,5751413,5751,0.7925,2.15E+12,2148467831,3.6111,0.0064,1.9188,01/03/2016 03:00,3/20/16 22:00,19.7917,61,80,42.68167,11.1315,41.64733,25.71817
,,,,,,,,,,,,,,,,,,,,,,,,,,,,,
Bulgaria,Bulgaria,Bulgaria,Balkans,East,Boris,2017,fall,y,6,6,4592747,4593,5912827,5913,0.7767,2.06E+12,2060655294,3.6,0.0057,1.401,9/22/17 5:00,06/10/2017 22:00,14.7083,265,279,25.62633,41.60417,10.80767,42.6025
,,,,,,,,,,,,,,,,,,,,,,,,,,,,,
Bulgaria,Bulgaria,Bulgaria,Balkans,East,Boris,2017,spring,y,6,6,4558380,4558,6453167,6453,0.7064,2.31E+12,2306713534,3.9465,0.0062,2.1683,01/03/2017 03:00,3/22/17 22:00,21.7917,60,81,42.76367,11.18883,41.63991,25.67353
,,,,,,,,,,,,,,,,,,,,,,,,,,,,,
Bulgaria,Bulgaria,Bulgaria,Balkans,East,Boris,2018,fall,y,6,6,4603541,4604,5939181,5939,0.7751,2.21E+12,2207945126,3.61,0.0059,1.397,9/22/18 5:00,06/10/2018 22:00,14.7083,265,279,25.62533,41.60267,10.678,42.52917
,,,,,,,,,,,,,,,,,,,,,,,,,,,,,
Bulgaria,Bulgaria,Bulgaria,Balkans,East,Boris,2018,spring,y,6,6,4602351,4602,6093586,6094,0.7553,2.27E+12,2267765749,3.7057,0.0065,2.0366,2/27/18 3:00,3/17/18 22:00,18.7917,58,76,42.57817,10.72883,41.6325,25.67717
,,,,,,,,,,,,,,,,,,,,,,,,,,,,,
Captive,Captive,Bulgaria,Balkans,East,Boyana,2018,fall,y,2,2,3592451,3592,5302267,5302,0.6775,1.40E+12,1397011112,4.6584,0.0107,2.0089,9/19/18 0:00,10/22/18 20:00,33.8333,262,295,26.23,41.0976,12.11875,15.71222
,,,,,,,,,,,,,,,,,,,,,,,,,,,,,
Rioja,Rioja,Spain,West,West,Brieva,2016,fall,y,1,1,3022678,3023,3841962,3842,0.7868,7.07E+11,706889260,5.0729,0.0107,1.8618,09/09/2016 06:00,06/10/2016 22:00,27.6667,253,280,-2.77019,42.16999,17.31679,-15.31318
,,,,,,,,,,,,,,,,,,,,,,,,,,,,,
Douro,Douro,Portugal,West,West,Bruco,2017,fall,y,5,5,2665662,2666,3451106,3451,0.7724,9.41E+11,940735776,4.0658,0.008,1.4055,06/09/2017 08:00,9/22/17 20:00,16.5,249,265,-6.13207,40.6155,16.8053,-9.46917
,,,,,,,,,,,,,,,,,,,,,,,,,,,,,
MiddleEast,Igdir,Turkey,Middle_East,East,Cabuk,2014,fall,y,2,2,4013389,4013,4792213,4792,0.8375,1.77E+12,1773138276,4.4146,0.0047,1.4062,08/09/2014 05:00,9/21/14 21:00,13.6667,251,264,43.6746,40.0729,12.2296,42.5176
,,,,,,,,,,,,,,,,,,,,,,,,,,,,,
MiddleEast,Igdir,Turkey,Middle_East,East,Cabuk,2015,fall,y,2,3,4145201,4145,5300018,5300,0.7821,1.74E+12,1737986577,3.8757,0.0052,1.4392,06/10/2015 05:00,10/27/15 17:00,21.5,279,300,40.0498,38.9859,9.5816,40.6075
,,,,,,,,,,,,,,,,,,,,,,,,,,,,,
MiddleEast,Igdir,Turkey,Middle_East,East,Cabuk,2015,spring,y,2,3,3809930,3810,5604521,5605,0.6798,1.14E+12,1141604885,4.0946,0.0061,1.6604,5/28/15 9:00,6/18/15 21:00,21.5,148,169,40.6757,10.9885,38.054,39.3864
,,,,,,,,,,,,,,,,,,,,,,,,,,,,,
Greece,Greece,Greece,Balkans,East,Castor,2014,fall,y,6,6,4567643,4568,6691898,6692,0.6826,2.20E+12,2204181800,4.0933,0.0063,1.9101,8/22/14 5:00,9/17/14 22:00,26.7083,234,260,26.03483,41.4035,10.64117,42.47367
,,,,,,,,,,,,,,,,,,,,,,,,,,,,,
Greece,Greece,Greece,Balkans,East,Castor,2015,fall,y,6,6,5116633,5117,11150583,11151,0.4589,3.10E+12,3102212932,5.444,0.0076,2.1383,11/08/2015 05:00,10/15/15 22:00,65.7083,223,288,26.10033,41.25517,6.724,43.05267
,,,,,,,,,,,,,,,,,,,,,,,,,,,,,
Greece,Greece,Greece,Balkans,East,Castor,2015,spring,y,6,6,5094972,5095,7646594,7647,0.6663,2.34E+12,2337712129,4.9461,0.0073,1.8431,07/03/2015 03:00,05/04/2015 23:00,29.8333,66,95,42.8325,6.76017,41.28817,26.1575
,,,,,,,,,,,,,,,,,,,,,,,,,,,,,
Bulgaria,Bulgaria,Bulgaria,Balkans,East,Dobromir,2012,fall,y,1,1,3688111,3688,9632932,9633,0.3829,1.14E+12,1141782151,5.2584,0.0078,1.881,08/09/2012 05:00,10/31/12 22:00,53.7083,252,305,27.64083,43.14617,13.05583,25.08217
,,,,,,,,,,,,,,,,,,,,,,,,,,,,,
Bulgaria,Bulgaria,Bulgaria,Balkans,East,Dobromir,2014,fall,y,1,3,4546478,4546,11343525,11344,0.4008,2.55E+12,2545662957,4.4355,0.0078,1.9328,7/30/14 5:00,02/10/2014 22:00,64.7083,211,275,28.37117,43.80883,11.40317,40.75917
,,,,,,,,,,,,,,,,,,,,,,,,,,,,,
Bulgaria,Bulgaria,Bulgaria,Balkans,East,Dobromir,2014,spring,y,1,3,3695987,3696,10379210,10379,0.3561,1.90E+12,1896207278,5.1591,0.0074,2.0101,4/18/14 5:00,03/06/2014 23:00,46.75,108,154,29.24867,10.3415,39.782,27.98
,,,,,,,,,,,,,,,,,,,,,,,,,,,,,
Bulgaria,Bulgaria,Bulgaria,Balkans,East,Dobromir,2015,spring,y,1,4,4180587,4181,5793570,5794,0.7216,1.76E+12,1760148127,3.3651,0.0059,1.6764,4/30/15 1:00,5/15/15 23:00,15.9167,120,135,32.44168,10.65788,43.37783,27.37617
,,,,,,,,,,,,,,,,,,,,,,,,,,,,,
Bulgaria,Bulgaria,Bulgaria,Balkans,East,Dobromir,2016,fall,y,1,5,3718265,3718,7228373,7228,0.5144,1.77E+12,1769208048,4.3765,0.008,1.8852,12/08/2016 03:00,9/25/16 19:00,44.6667,225,269,27.99062,44.04274,14.40963,30.59927
,,,,,,,,,,,,,,,,,,,,,,,,,,,,,
Bulgaria,Bulgaria,Bulgaria,Balkans,East,Dobromir,2016,spring,y,1,5,4053556,4054,6805152,6805,0.5957,1.73E+12,1727709812,3.7348,0.0072,1.8861,01/05/2016 03:00,5/30/16 23:00,29.8333,122,151,26.62375,10.4064,43.2975,27.55933
,,,,,,,,,,,,,,,,,,,,,,,,,,,,,
Douro,Douro,Portugal,West,West,Douro,2017,fall,y,6,6,2650868,2651,3398934,3399,0.7799,8.48E+11,848401666,3.4649,0.0059,1.8666,8/28/17 7:00,09/09/2017 20:00,12.5417,240,252,-6.54288,41.09308,17.2373,-7.67695
,,,,,,,,,,,,,,,,,,,,,,,,,,,,,
Douro,Douro,Portugal,West,West,Douro,2018,fall,y,6,6,2649373,2649,3626120,3626,0.7306,1.03E+12,1033196787,4.0102,0.0089,1.439,8/29/18 8:00,9/17/18 20:00,19.5,241,260,-6.54438,41.0923,17.4135,-9.65315
,,,,,,,,,,,,,,,,,,,,,,,,,,,,,
Douro,Douro,Portugal,West,West,Douro,2018,spring,y,6,6,2636006,2636,4289488,4289,0.6145,8.90E+11,889716710,4.3497,0.0067,1.496,03/02/2018 06:00,2/25/18 19:00,22.5417,34,56,-10.82472,17.441,40.84108,-6.5725
,,,,,,,,,,,,,,,,,,,,,,,,,,,,,
Gipuzkoa,Gipuzkoa,Spain,West,West,Ekhi,2018,fall,y,1,1,3024728,3025,3558125,3558,0.8501,8.43E+11,843105137,4.2198,0.0093,1.4209,01/09/2018 06:00,9/16/18 23:00,15.7083,244,259,-2.36075,42.96031,16.86518,-11.36838
,,,,,,,,,,,,,,,,,,,,,,,,,,,,,
Captive,Captive,Bulgaria,Balkans,East,Elodie,2016,fall,y,1,1,3721112,3721,5217726,5218,0.7132,1.85E+12,1849161422,3.3205,0.0069,1.6854,9/27/16 4:00,10/18/16 22:00,21.75,271,292,25.92919,42.87755,14.735,7.61833
,,,,,,,,,,,,,,,,,,,,,,,,,,,,,
Douro,Douro,Portugal,West,West,Faia,2017,fall,y,6,6,2639075,2639,3295462,3295,0.8008,5.56E+11,555522238,4.1443,0.0074,1.0231,8/23/17 8:00,05/09/2017 20:00,13.5,235,248,-6.53647,40.83747,17.08535,-7.62857
,,,,,,,,,,,,,,,,,,,,,,,,,,,,,
Douro,Douro,Portugal,West,West,Faia,2018,spring,y,6,6,2700576,2701,3319551,3320,0.8135,6.19E+11,618891070,4.2902,0.0071,1.829,2/25/18 7:00,3/17/18 18:00,20.4583,56,76,-7.51668,16.61725,40.93502,-6.92147
,,,,,,,,,,,,,,,,,,,,,,,,,,,,,
Pyrenees,Pyrenees,France,West,West,Gardon,2016,fall,y,6,6,3152085,3152,3894333,3894,0.8094,1.01E+12,1006826823,4.1523,0.01,1.3392,09/09/2016 01:00,9/23/16 23:00,14.9167,253,267,2.25501,43.80127,17.39144,-10.02693
,,,,,,,,,,,,,,,,,,,,,,,,,,,,,
Pyrenees,Pyrenees,France,West,West,Gardon,2017,fall,y,6,6,3330385,3330,3908328,3908,0.8521,1.32E+12,1322450462,4.1596,0.01,1.3928,08/09/2017 05:00,9/24/17 23:00,16.75,251,267,4.43804,44.375,16.70791,-9.25161
,,,,,,,,,,,,,,,,,,,,,,,,,,,,,
Pyrenees,Pyrenees,France,West,West,Gardon,2017,spring,y,6,6,3334056,3334,4980836,4981,0.6694,1.39E+12,1387319045,3.8174,0.0117,1.7708,2/28/17 0:00,3/31/17 17:00,31.7083,59,90,-9.33546,16.71147,44.39833,4.3999
,,,,,,,,,,,,,,,,,,,,,,,,,,,,,
SFrance,SFrance,France,West,West,Gardon,2018,fall,y,6,6,3391306,3391,4108110,4108,0.8255,1.26E+12,1262976921,3.8387,0.0105,1.6482,09/09/2018 05:00,9/26/18 23:00,17.75,252,269,4.43747,44.37678,15.88609,-8.55415
,,,,,,,,,,,,,,,,,,,,,,,,,,,,,
SFrance,SFrance,France,West,West,Gardon,2018,spring,y,6,6,3376793,3377,4899070,4899,0.6893,1.28E+12,1279839520,3.8553,0.0106,1.753,2/28/18 0:00,3/23/18 23:00,23.9583,59,82,-8.23141,15.91651,44.37509,4.43778
,,,,,,,,,,,,,,,,,,,,,,,,,,,,,
Dagestan,Dagestan,Dagestan,Middle_East,East,Gurman,2017,fall,y,1,1,4200482,4200,5506514,5507,0.7628,1.33E+12,1332894304,4.2853,0.0081,1.2116,9/24/17 6:00,10/19/17 16:00,25.4167,267,292,47.34981,42.70172,14.05364,43.94
,,,,,,,,,,,,,,,,,,,,,,,,,,,,,
Israel,Israel,Israel,Middle_East,East,H36,2018,fall,y,1,1,2635334,2635,5044974,5045,0.5224,6.25E+11,624694332,5.5399,0.0064,1.636,8/29/18 6:00,9/22/18 10:00,24.1667,241,265,35.76576,32.9001,13.80667,28.00716
,,,,,,,,,,,,,,,,,,,,,,,,,,,,,
MiddleEast,Igdir,Turkey,Middle_East,East,Haydi,2014,fall,y,3,3,5476570,5477,7562333,7562,0.7242,2.49E+12,2491355308,4.175,0.0063,1.8861,9/19/14 5:00,10/29/14 20:00,40.625,262,302,46.5588,39.1655,1.9171,38.5026
,,,,,,,,,,,,,,,,,,,,,,,,,,,,,
MiddleEast,Igdir,Turkey,Middle_East,East,Haydi,2015,fall,y,3,4,5412935,5413,7027793,7028,0.7702,2.71E+12,2713122614,3.9111,0.0056,2.1085,9/20/15 7:00,10/14/15 21:00,24.5833,263,287,46.4534,39.4583,2.4035,36.7426
,,,,,,,,,,,,,,,,,,,,,,,,,,,,,
MiddleEast,Igdir,Turkey,Middle_East,East,Haydi,2015,spring,y,3,4,5332338,5332,8421522,8422,0.6332,2.72E+12,2717705783,4.0157,0.0059,1.8884,11/04/2015 05:00,12/05/2015 21:00,31.6667,101,132,39.1101,2.8151,38.7031,47.2358
,,,,,,,,,,,,,,,,,,,,,,,,,,,,,
Douro,Douro,Spain,West,West,Huebra,2017,fall,y,6,6,2783683,2784,3445527,3446,0.8079,9.19E+11,918539478,4.111,0.0105,1.3889,9/20/17 0:00,06/10/2017 21:00,16.875,263,279,-6.5437,41.09291,16.44508,-11.38233
,,,,,,,,,,,,,,,,,,,,,,,,,,,,,
Douro,Douro,Spain,West,West,Huebra,2018,fall,y,6,6,2735008,2735,3446355,3446,0.7936,8.52E+11,851773995,4.3906,0.0103,1.4214,9/26/18 6:00,10/16/18 21:00,20.625,269,289,-6.66104,41.03853,16.84992,-11.56885
,,,,,,,,,,,,,,,,,,,,,,,,,,,,,
Douro,Douro,Spain,West,West,Huebra,2018,spring,y,6,6,2612123,2612,3633017,3633,0.719,7.95E+11,795448916,3.2154,0.0072,1.6473,09/02/2018 06:00,2/26/18 20:00,17.5833,40,57,-11.03028,17.94016,41.0874,-6.54214
,,,,,,,,,,,,,,,,,,,,,,,,,,,,,
MiddleEast,Igdir,Turkey,Middle_East,East,Igdir,2012,fall,y,6,6,5095082,5095,6463129,6463,0.7883,2.66E+12,2656577072,4.9958,0.0056,1.6166,9/20/12 0:00,11/10/2012 18:00,21.75,264,285,43.673,40.07467,5.3035,43.06767
,,,,,,,,,,,,,,,,,,,,,,,,,,,,,
MiddleEast,Igdir,Turkey,Middle_East,East,Igdir,2013,fall,y,6,6,5051523,5052,6008135,6008,0.8408,2.36E+12,2364700555,4.9717,0.0066,1.4157,9/25/13 0:00,10/13/13 20:00,18.8333,268,286,43.673,40.07467,5.61767,43.18983
,,,,,,,,,,,,,,,,,,,,,,,,,,,,,
MiddleEast,Igdir,Turkey,Middle_East,East,Igdir,2013,spring,y,6,6,5108769,5109,5972349,5972,0.8554,2.17E+12,2172299742,4.5634,0.0055,1.3137,3/16/13 8:00,03/04/2013 20:00,18.5,75,93,43.04467,5.2665,40.1545,43.61683
,,,,,,,,,,,,,,,,,,,,,,,,,,,,,
MiddleEast,Igdir,Turkey,Middle_East,East,Igdir,2014,fall,y,6,6,5100435,5100,7310526,7311,0.6977,2.43E+12,2429050577,4.8056,0.0063,1.4602,06/10/2014 07:00,03/11/2014 19:00,28.5,279,307,43.667,40.08167,5.28033,43.09333
,,,,,,,,,,,,,,,,,,,,,,,,,,,,,
MiddleEast,Igdir,Turkey,Middle_East,East,Igdir,2014,spring,y,6,6,5031684,5032,5900967,5901,0.8527,2.15E+12,2153919812,4.8599,0.006,1.7147,03/03/2014 01:00,3/22/14 19:00,19.75,62,81,43.0095,5.7525,40.14717,43.62033
,,,,,,,,,,,,,,,,,,,,,,,,,,,,,
Bulgaria,Bulgaria,Bulgaria,Balkans,East,Iliaz,2012,fall,y,1,1,3382554,3383,6312967,6313,0.5358,1.61E+12,1612686932,3.729,0.0072,1.796,9/19/12 3:00,10/16/12 22:00,27.7917,263,290,25.842,41.436,13.65633,19.237
,,,,,,,,,,,,,,,,,,,,,,,,,,,,,
Bulgaria,Bulgaria,Bulgaria,Balkans,East,Iliaz,2016,fall,y,1,5,3344083,3344,10678776,10679,0.3132,2.31E+12,2308277312,4.9748,0.0077,2.1371,8/26/16 4:00,10/17/16 23:00,52.7917,239,291,25.81342,41.87012,16.29317,33.70867
,,,,,,,,,,,,,,,,,,,,,,,,,,,,,
Bulgaria,Bulgaria,Bulgaria,Balkans,East,Iliaz,2016,spring,y,1,5,3582300,3582,9348990,9349,0.3832,1.62E+12,1622115897,4.7191,0.0073,1.9886,3/17/16 5:00,09/05/2016 23:00,53.75,77,130,19.20633,13.17017,42.63067,26.10283
,,,,,,,,,,,,,,,,,,,,,,,,,,,,,
Bulgaria,Bulgaria,Bulgaria,Balkans,East,Iliaz,2017,fall,y,1,6,3428408,3428,7105396,7105,0.4825,1.40E+12,1398984731,3.7985,0.0064,1.7764,01/09/2017 05:00,02/10/2017 22:00,31.7083,244,275,25.81267,41.86583,13.67217,19.20617
,,,,,,,,,,,,,,,,,,,,,,,,,,,,,
Bulgaria,Bulgaria,Bulgaria,Balkans,East,Iliaz,2017,spring,y,1,6,3884483,3884,6713023,6713,0.5786,1.67E+12,1674131634,3.9301,0.0064,1.9627,06/04/2017 02:00,4/30/17 23:00,24.875,96,120,35.27789,12.83149,41.9545,25.17967
,,,,,,,,,,,,,,,,,,,,,,,,,,,,,
Bulgaria,Bulgaria,Bulgaria,Balkans,East,Iliaz,2018,fall,y,1,6,3350100,3350,6703032,6703,0.4998,1.86E+12,1863177911,3.6084,0.0066,1.8044,8/27/18 5:00,9/21/18 23:00,25.75,239,264,25.63817,41.59833,14.06992,18.81188
,,,,,,,,,,,,,,,,,,,,,,,,,,,,,
Bulgaria,Bulgaria,Bulgaria,Balkans,East,Iliaz,2018,spring,y,1,6,3853675,3854,8240005,8240,0.4677,2.20E+12,2197201521,3.9858,0.0069,1.7764,3/16/18 5:00,4/21/18 22:00,36.7083,75,111,20.00767,9.30167,41.20984,25.15983
,,,,,,,,,,,,,,,,,,,,,,,,,,,,,
MiddleEast,Igdir,Turkey,Middle_East,East,Iste,2014,fall,y,6,6,4220193,4220,5026573,5027,0.8396,1.88E+12,1884637862,4.0713,0.0045,1.3128,9/19/14 5:00,03/10/2014 21:00,14.6667,262,276,42.1931,40.0579,10.4771,41.6
,,,,,,,,,,,,,,,,,,,,,,,,,,,,,
MiddleEast,Igdir,Turkey,Middle_East,East,Iste,2015,fall,y,6,6,4227155,4227,4903167,4903,0.8621,1.75E+12,1752670055,4.2032,0.0046,0.9505,9/17/15 5:00,9/29/15 21:00,12.6667,260,272,42.1675,40.0862,10.4013,41.336
,,,,,,,,,,,,,,,,,,,,,,,,,,,,,
MiddleEast,Igdir,Turkey,Middle_East,East,Iste,2015,spring,y,6,6,4178825,4179,5651400,5651,0.7394,1.78E+12,1781772604,4.6684,0.0053,1.4659,4/14/15 7:00,4/29/15 21:00,15.5833,104,119,41.3561,10.3538,39.6154,42.3905
,,,,,,,,,,,,,,,,,,,,,,,,,,,,,
MiddleEast,Igdir,Turkey,Middle_East,East,Iste,2016,fall,y,6,6,4268862,4269,4939116,4939,0.8643,1.90E+12,1903863068,3.9578,0.0049,1.2726,9/25/16 5:00,09/10/2016 21:00,14.6667,269,283,42.1561,40.0556,10.2681,42.1903
,,,,,,,,,,,,,,,,,,,,,,,,,,,,,
MiddleEast,Igdir,Turkey,Middle_East,East,Iste,2016,spring,y,6,6,4178476,4178,5403705,5404,0.7733,1.90E+12,1900503799,4.2387,0.0054,1.2768,3/22/16 4:00,08/04/2016 19:00,17.625,82,99,40.7619,10.4826,39.8822,42.3778
,,,,,,,,,,,,,,,,,,,,,,,,,,,,,
MiddleEast,Igdir,Turkey,Middle_East,East,Iste,2017,fall,y,6,6,4297296,4297,5164456,5164,0.8321,1.93E+12,1930706788,4.6776,0.0043,1.5484,9/24/17 5:00,09/10/2017 17:00,15.5,267,282,42.2058,40.0655,10.0668,42.0582
,,,,,,,,,,,,,,,,,,,,,,,,,,,,,
MiddleEast,Igdir,Turkey,Middle_East,East,Iste,2017,spring,y,6,6,4181972,4182,4923813,4924,0.8493,1.35E+12,1351479553,4.8377,0.0054,1.7854,3/13/17 5:00,3/30/17 21:00,17.6667,72,89,41.7108,10.7461,40.0535,42.1732
,,,,,,,,,,,,,,,,,,,,,,,,,,,,,
MiddleEast,Igdir,Turkey,Middle_East,East,Iste,2018,fall,y,6,6,4306415,4306,4943764,4944,0.8711,1.68E+12,1680495132,4.3749,0.0047,1.299,9/16/18 5:00,9/28/18 21:00,12.6667,259,271,42.1475,40.0557,9.9711,41.9659
,,,,,,,,,,,,,,,,,,,,,,,,,,,,,
MiddleEast,Igdir,Turkey,Middle_East,East,Iste,2018,spring,y,6,6,4185794,4186,4969451,4969,0.8423,1.68E+12,1684153642,4.779,0.0048,1.5163,3/16/18 5:00,3/31/18 21:00,15.6667,75,90,41.7002,10.561,39.7956,42.6339
,,,,,,,,,,,,,,,,,,,,,,,,,,,,,
Israel,Israel,Israel,Middle_East,East,J4107,2018,fall,y,1,1,2851137,2851,3780027,3780,0.7543,7.79E+11,778990179,4.2618,0.0074,1.366,8/28/18 6:00,09/09/2018 20:00,12.5833,240,252,35.76593,32.89955,15.65046,19.13415
,,,,,,,,,,,,,,,,,,,,,,,,,,,,,
Bulgaria,Bulgaria,Bulgaria,Balkans,East,Jenny,2015,fall,y,6,6,3332173,3332,6435569,6436,0.5178,1.65E+12,1651836530,3.5745,0.0064,1.7143,9/14/15 5:00,01/10/2015 23:00,17.75,257,274,25.62983,41.58583,14.23298,18.55114
,,,,,,,,,,,,,,,,,,,,,,,,,,,,,
Bulgaria,Bulgaria,Bulgaria,Balkans,East,Jenny,2016,fall,y,6,6,3355176,3355,6322840,6323,0.5306,1.87E+12,1868703285,3.2565,0.0068,1.6438,8/19/16 5:00,12/09/2016 22:00,24.7083,232,256,25.77833,41.57367,14.12117,18.04667
,,,,,,,,,,,,,,,,,,,,,,,,,,,,,
Bulgaria,Bulgaria,Bulgaria,Balkans,East,Jenny,2016,spring,y,6,6,3531665,3532,7552297,7552,0.4676,1.65E+12,1645421586,3.6364,0.007,1.6818,3/16/16 5:00,4/16/16 23:00,31.75,76,107,17.84917,12.61583,41.59583,25.62367
,,,,,,,,,,,,,,,,,,,,,,,,,,,,,
Bulgaria,Bulgaria,Bulgaria,Balkans,East,Jenny,2017,fall,y,6,6,3355890,3356,6076843,6077,0.5522,1.87E+12,1866869628,3.0707,0.0064,1.7235,12/09/2017 05:00,9/30/17 22:00,18.7083,255,273,25.44517,41.59167,14.01417,18.29617
,,,,,,,,,,,,,,,,,,,,,,,,,,,,,
Bulgaria,Bulgaria,Bulgaria,Balkans,East,Jenny,2017,spring,y,6,6,3409902,3410,7170610,7171,0.4755,1.60E+12,1600459830,3.5132,0.0073,1.4625,3/14/17 2:00,4/15/17 23:00,32.875,73,105,17.69498,13.71635,41.78533,25.13117
,,,,,,,,,,,,,,,,,,,,,,,,,,,,,
Bulgaria,Bulgaria,Bulgaria,Balkans,East,Jenny,2018,fall,y,6,6,3371186,3371,5898002,5898,0.5716,2.12E+12,2121769994,3.1964,0.0067,1.8564,10/09/2018 05:00,04/10/2018 22:00,24.7083,253,277,25.4645,41.627,13.95783,17.963
,,,,,,,,,,,,,,,,,,,,,,,,,,,,,
Bulgaria,Bulgaria,Bulgaria,Balkans,East,Jenny,2018,spring,y,6,6,3373865,3374,6512249,6512,0.5181,1.66E+12,1663129294,3.4573,0.0072,1.7846,04/03/2018 05:00,3/30/18 23:00,26.75,63,89,17.27717,14.058,41.59559,25.70202
,,,,,,,,,,,,,,,,,,,,,,,,,,,,,
Greece,Greece,Greece,Balkans,East,Lazaros,2012,fall,y,6,6,3109206,3109,7061514,7062,0.4403,1.73E+12,1733134390,3.5338,0.0062,1.6814,01/09/2012 03:00,9/22/12 22:00,21.7917,245,266,21.655,39.84,13.624,17.97633
,,,,,,,,,,,,,,,,,,,,,,,,,,,,,
Greece,Greece,Greece,Balkans,East,Lazaros,2013,spring,y,6,6,3361495,3361,7499173,7499,0.4482,1.57E+12,1569081468,3.7977,0.0062,1.7096,08/03/2013 00:00,3/31/13 15:00,23.625,67,90,17.492,12.89633,40.82367,23.80683
,,,,,,,,,,,,,,,,,,,,,,,,,,,,,
Greece,Greece,Greece,Balkans,East,Levkipos,2012,fall,y,1,1,3303858,3304,6974365,6974,0.4737,1.40E+12,1399587357,3.8285,0.007,1.7034,10/09/2012 05:00,10/14/12 22:00,34.7083,254,288,27.26417,40.8115,14.50517,16.94133
,,,,,,,,,,,,,,,,,,,,,,,,,,,,,
Rioja,Rioja,Spain,West,West,Lidia,2018,fall,y,1,1,3397031,3397,6890737,6891,0.493,8.43E+11,843308858,6.5264,0.0115,1.9431,8/31/18 8:00,11/16/18 20:00,77.5,243,320,-2.04198,42.22695,14.1303,-15.52405
,,,,,,,,,,,,,,,,,,,,,,,,,,,,,
MiddleEast,AzerbaijanIran,MiddleEast,Middle_East,East,Logiya,2014,fall,y,2,3,3696153,3696,5010805,5011,0.7376,1.56E+12,1562350047,3.53,0.0065,1.5708,8/23/14 4:00,10/09/2014 22:00,18.75,235,253,45.04667,35.9165,10.85217,41.29767
,,,,,,,,,,,,,,,,,,,,,,,,,,,,,
MiddleEast,AzerbaijanIran,MiddleEast,Middle_East,East,Logiya,2014,spring,y,2,3,3597976,3598,6186011,6186,0.5816,1.44E+12,1437327906,4.0333,0.0058,1.5617,5/20/14 4:00,6/15/14 19:00,26.625,140,166,41.25283,11.93167,36.93417,42.7975
,,,,,,,,,,,,,,,,,,,,,,,,,,,,,
MiddleEast,AzerbaijanIran,MiddleEast,Middle_East,East,Logiya,2015,fall,y,2,4,3804117,3804,5103257,5103,0.7454,1.47E+12,1468195522,3.694,0.0057,1.7492,08/09/2015 00:00,9/22/15 22:00,14.9167,251,265,44.35583,37.11167,11.01017,41.21283
,,,,,,,,,,,,,,,,,,,,,,,,,,,,,
MiddleEast,AzerbaijanIran,MiddleEast,Middle_East,East,Logiya,2015,spring,y,2,4,4228707,4229,14346114,14346,0.2948,2.02E+12,2022655021,6.452,0.0047,2.0659,4/17/15 4:00,6/19/15 16:00,63.5,107,170,41.21317,11.01017,40.75267,42.62667
,,,,,,,,,,,,,,,,,,,,,,,,,,,,,
MiddleEast,AzerbaijanIran,MiddleEast,Middle_East,East,Logiya,2016,fall,y,2,5,4086753,4087,4765730,4766,0.8575,1.47E+12,1471545111,3.9844,0.0046,1.6234,9/15/16 0:00,9/27/16 18:00,12.75,259,271,46.97,38.51667,10.99933,41.203
,,,,,,,,,,,,,,,,,,,,,,,,,,,,,
MiddleEast,AzerbaijanIran,MiddleEast,Middle_East,East,Logiya,2016,spring,y,2,5,4150265,4150,6818038,6818,0.6087,1.91E+12,1911886585,3.6242,0.0052,1.4132,4/16/16 5:00,09/05/2016 20:00,23.625,107,130,41.1955,10.98583,39.58967,45.00967
,,,,,,,,,,,,,,,,,,,,,,,,,,,,,
MiddleEast,AzerbaijanIran,MiddleEast,Middle_East,East,Logiya,2017,fall,y,2,6,4168235,4168,5030533,5031,0.8286,1.66E+12,1657145903,4.0515,0.0047,1.9514,9/15/17 8:00,9/27/17 22:00,12.5833,258,270,47.066,39.14233,11.01267,41.204
,,,,,,,,,,,,,,,,,,,,,,,,,,,,,
MiddleEast,AzerbaijanIran,MiddleEast,Middle_East,East,Logiya,2017,spring,y,2,6,4165669,4166,6862185,6862,0.607,2.27E+12,2274550897,3.7289,0.0058,1.4808,06/04/2017 04:00,4/28/17 20:00,22.6667,96,118,41.20483,11.03217,39.14467,47.06817
,,,,,,,,,,,,,,,,,,,,,,,,,,,,,
MiddleEast,AzerbaijanIran,MiddleEast,Middle_East,East,Logiya,2018,fall,y,2,6,4197197,4197,4885027,4885,0.8592,1.57E+12,1574758828,3.7765,0.0055,1.8343,06/09/2018 10:00,9/19/18 20:00,13.4167,249,262,47.23483,39.30367,11.00433,41.20317
,,,,,,,,,,,,,,,,,,,,,,,,,,,,,
MiddleEast,AzerbaijanIran,MiddleEast,Middle_East,East,Logiya,2018,spring,y,2,6,4166712,4167,6144314,6144,0.6781,1.71E+12,1708279135,3.3148,0.0044,1.2477,3/22/18 4:00,09/04/2018 18:00,18.5833,81,99,41.21667,11.00533,39.13617,47.0205
,,,,,,,,,,,,,,,,,,,,,,,,,,,,,
MiddleEast,Syunik,Armenia,Middle_East,East,Orada,2015,fall,y,2,2,4315108,4315,6383621,6384,0.676,1.84E+12,1841184891,4.2621,0.0077,1.8253,8/28/15 3:00,9/27/15 21:00,30.75,240,270,46.94342,39.37217,10.21458,41.37153
,,,,,,,,,,,,,,,,,,,,,,,,,,,,,
MiddleEast,Syunik,Armenia,Middle_East,East,Orada,2016,fall,y,2,3,4278439,4278,4756748,4757,0.8994,2.02E+12,2020990426,3.7459,0.0022,0.7285,9/15/16 3:00,9/29/16 21:00,14.75,259,273,46.37397,39.49213,10.46773,42.05935
,,,,,,,,,,,,,,,,,,,,,,,,,,,,,
MiddleEast,Syunik,Armenia,Middle_East,East,Orada,2016,spring,y,2,3,4404992,4405,7395657,7396,0.5956,2.52E+12,2520853554,3.8665,0.0047,1.6674,3/14/16 2:00,05/06/2016 21:00,83.7917,74,157,40.97652,9.72205,39.67592,46.4902
,,,,,,,,,,,,,,,,,,,,,,,,,,,,,
Pyrenees,Pyrenees,France,West,West,Ossau,2018,fall,y,6,6,3064031,3064,3270854,3271,0.9368,5.28E+11,528031078,4.2139,0.0028,1.0548,01/09/2018 05:00,9/15/18 9:00,14.1667,244,258,-0.41317,43.05646,17.0471,-11.14684
,,,,,,,,,,,,,,,,,,,,,,,,,,,,,
Greece,Greece,Greece,Balkans,East,Paschalis,2013,fall,y,1,1,3358518,3359,5368276,5368,0.6256,1.50E+12,1498529444,4.0511,0.0074,1.6977,08/09/2013 04:00,9/26/13 22:00,18.75,251,269,26.18,41.143,14.49533,14.34867
,,,,,,,,,,,,,,,,,,,,,,,,,,,,,
Douro,Douro,Portugal,West,West,Poiares,2017,fall,y,6,6,2662917,2663,3144765,3145,0.8468,5.51E+11,551473806,4.5787,0.0064,1.3767,9/22/17 8:00,06/10/2017 20:00,14.5,265,279,-6.0776,40.81005,17.29855,-11.20607
,,,,,,,,,,,,,,,,,,,,,,,,,,,,,
Captive,Captive,Bulgaria,Balkans,East,Polya,2018,fall,y,2,2,3422403,3422,8249646,8250,0.4149,1.59E+12,1590567465,5.3651,0.012,2.051,9/27/18 0:00,12/28/18 18:00,92.75,270,362,25.63063,41.60022,15.49378,33.81508
,,,,,,,,,,,,,,,,,,,,,,,,,,,,,
SFrance,SFrance,France,West,West,Provence,2017,fall,y,6,6,2911184,2911,3679036,3679,0.7913,7.91E+11,791329763,4.0736,0.0091,1.475,8/14/17 5:00,8/31/17 18:00,17.5417,226,243,0.0479,42.0176,17.1221,-9.55916
,,,,,,,,,,,,,,,,,,,,,,,,,,,,,
SFrance,SFrance,France,West,West,Provence,2018,fall,y,6,6,3261485,3261,4195868,4196,0.7773,1.23E+12,1230728242,3.9066,0.0088,1.5929,7/19/18 6:00,8/14/18 18:00,26.5,200,226,4.85431,43.59454,16.79244,-9.27112
,,,,,,,,,,,,,,,,,,,,,,,,,,,,,
SFrance,SFrance,France,West,West,Provence,2018,spring,y,6,6,3325693,3326,5458640,5459,0.6093,1.05E+12,1051331867,4.056,0.0087,1.3204,09/03/2018 06:00,06/04/2018 18:00,28.5,68,96,-9.169,16.73103,44.15273,5.04123
,,,,,,,,,,,,,,,,,,,,,,,,,,,,,
Rioja,Rioja,Spain,West,West,Quel,2016,fall,y,1,1,3397782,3398,4691953,4692,0.7242,7.92E+11,792343875,4.4411,0.0063,1.5759,02/09/2016 06:00,10/26/16 18:00,54.5,246,300,-2.0432,42.22732,13.65063,-14.25944
,,,,,,,,,,,,,,,,,,,,,,,,,,,,,
Douro,Douro,Portugal,West,West,Rupis,2016,fall,y,3,3,2986609,2987,4155598,4156,0.7187,8.45E+11,845193559,4.7812,0.0077,1.1107,9/20/16 9:00,10/10/2016 20:00,20.4583,264,284,-6.1026,40.82608,14.03362,-8.72702
,,,,,,,,,,,,,,,,,,,,,,,,,,,,,
Douro,Douro,Portugal,West,West,Rupis,2017,fall,y,3,4,2921835,2922,3615500,3615,0.8081,9.13E+11,913253967,4.4187,0.0066,1.35,9/14/17 7:00,9/29/17 20:00,15.5417,257,272,-6.24675,41.11325,14.80448,-7.36997
,,,,,,,,,,,,,,,,,,,,,,,,,,,,,
Douro,Douro,Portugal,West,West,Rupis,2017,spring,y,3,4,3062388,3062,4194357,4194,0.7301,1.20E+12,1201203823,4.7746,0.0052,1.2932,02/04/2017 09:00,4/18/17 20:00,16.4583,92,108,-8.81645,13.88638,41.34828,-5.99968
,,,,,,,,,,,,,,,,,,,,,,,,,,,,,
Douro,Douro,Portugal,West,West,Rupis,2018,fall,y,3,5,2926530,2927,3895700,3896,0.7512,1.22E+12,1218946177,4.715,0.0093,1.4791,9/22/18 7:00,10/13/18 20:00,21.5417,265,286,-6.14858,41.05467,14.71807,-7.59983
,,,,,,,,,,,,,,,,,,,,,,,,,,,,,
Douro,Douro,Portugal,West,West,Rupis,2018,spring,y,3,5,2704979,2705,3090463,3090,0.8753,7.97E+11,797145558,4.0712,0.0055,1.1841,3/19/18 7:00,01/04/2018 20:00,13.5417,78,91,-10.04238,17.31493,41.40453,-6.10482
,,,,,,,,,,,,,,,,,,,,,,,,,,,,,
Bulgaria,Bulgaria,Bulgaria,Balkans,East,Sanie,2013,fall,y,1,1,3457087,3457,6766138,6766,0.5109,1.82E+12,1822817079,3.7757,0.0068,1.7808,9/18/13 9:00,09/10/2013 23:00,21.5833,261,282,25.87667,41.64283,13.63,16.034
,,,,,,,,,,,,,,,,,,,,,,,,,,,,,
Bulgaria,Bulgaria,Bulgaria,Balkans,East,Sanie,2015,spring,y,1,3,3638623,3639,10805500,10806,0.3367,1.65E+12,1651544266,5.0718,0.0073,1.5898,04/05/2015 00:00,6/18/15 23:00,45.9583,124,169,17.507,12.58483,40.0925,31.53783
,,,,,,,,,,,,,,,,,,,,,,,,,,,,,
Bulgaria,Bulgaria,Bulgaria,Balkans,East,Sanie,2016,fall,y,1,4,4250515,4251,8920472,8920,0.4765,2.42E+12,2424058632,4.77,0.0073,1.6662,8/21/16 5:00,9/25/16 22:00,35.7083,234,269,25.8125,41.86583,12.351,40.5105
,,,,,,,,,,,,,,,,,,,,,,,,,,,,,
MiddleEast,Igdir,Turkey,Middle_East,East,Serhat,2014,fall,y,6,6,4071367,4071,4704714,4705,0.8654,1.36E+12,1363169934,4.1052,0.003,1.1262,9/20/14 1:00,08/10/2014 11:00,18.4167,263,281,45.00526,39.59299,11.43432,40.30329
,,,,,,,,,,,,,,,,,,,,,,,,,,,,,
Bulgaria,Bulgaria,Bulgaria,Balkans,East,Spartacus,2010,fall,y,1,1,3571485,3571,7185384,7185,0.497,1.61E+12,1608012780,3.5477,0.0066,2.019,9/13/10 11:00,12/11/2010 23:00,60.5,256,316,25.89917,41.64217,12.61133,16.22867
,,,,,,,,,,,,,,,,,,,,,,,,,,,,,
Bulgaria,Bulgaria,Bulgaria,Balkans,East,Svetlina,2012,fall,y,1,1,4329416,4329,9296571,9297,0.4657,1.04E+12,1038928998,6.3804,0.0081,2.0082,07/09/2012 05:00,05/11/2012 21:00,59.6667,251,310,25.86733,41.589,13.43483,43.677
,,,,,,,,,,,,,,,,,,,,,,,,,,,,,
MiddleEast,Igdir,Turkey,Middle_East,East,Tuzluca,2013,fall,y,6,6,3756406,3756,8776082,8776,0.428,1.20E+12,1197355201,7.0158,0.0105,1.8246,8/23/13 0:00,10/10/2013 15:00,48.625,235,283,41.96779,37.90142,11.58788,41.17036
,,,,,,,,,,,,,,,,,,,,,,,,,,,,,
MiddleEast,Igdir,Turkey,Middle_East,East,Tuzluca,2014,fall,y,6,6,4010194,4010,5240421,5240,0.7652,1.90E+12,1898625081,4.411,0.0096,1.6743,06/09/2014 00:00,9/26/14 23:00,20.9583,249,269,42.20319,40.06395,11.78574,41.04264
,,,,,,,,,,,,,,,,,,,,,,,,,,,,,
MiddleEast,Igdir,Turkey,Middle_East,East,Tuzluca,2014,spring,y,6,6,4010903,4011,5822090,5822,0.6889,1.12E+12,1117391634,3.6336,0.0065,1.6514,07/04/2014 00:00,4/29/14 22:00,22.9167,97,119,41.34372,11.6104,39.29114,44.74147
,,,,,,,,,,,,,,,,,,,,,,,,,,,,,
MiddleEast,Igdir,Turkey,Middle_East,East,Tuzluca,2015,fall,y,6,6,4148460,4148,6216955,6217,0.6673,2.02E+12,2016363465,4.1061,0.0102,1.7496,7/30/15 1:00,9/29/15 22:00,61.875,211,272,44.74513,39.29036,10.70606,41.37931
,,,,,,,,,,,,,,,,,,,,,,,,,,,,,
MiddleEast,Igdir,Turkey,Middle_East,East,Tuzluca,2015,spring,y,6,6,4136700,4137,6585866,6586,0.6281,1.90E+12,1897636308,4.0722,0.0103,1.9779,1/28/15 1:00,05/04/2015 22:00,67.875,28,95,41.36866,10.78206,39.28922,44.74798
,,,,,,,,,,,,,,,,,,,,,,,,,,,,,
MiddleEast,Igdir,Turkey,Middle_East,East,Tuzluca,2016,spring,y,6,6,3888965,3889,6102605,6103,0.6373,1.41E+12,1413134606,3.6335,0.0101,1.7047,3/14/16 0:00,4/15/16 23:00,32.9583,74,106,41.32888,11.61981,38.30201,44.97292
,,,,,,,,,,,,,,,,,,,,,,,,,,,,,
Bulgaria,Bulgaria,Bulgaria,Balkans,East,Volen,2012,fall,y,1,1,3625272,3625,5511292,5511,0.6578,1.69E+12,1692065688,3.5749,0.0071,1.774,05/09/2012 07:00,9/26/12 23:00,21.6667,249,270,27.43617,43.18017,13.69817,26.6745
,,,,,,,,,,,,,,,,,,,,,,,,,,,,,
Bulgaria,Bulgaria,Bulgaria,Balkans,East,Volen,2014,spring,y,1,3,3877712,3878,12713940,12714,0.305,1.64E+12,1639835729,7.3475,0.0079,1.9345,4/29/14 5:00,6/26/14 23:00,58.75,119,177,27.4055,10.2445,40.2055,34.239
,,,,,,,,,,,,,,,,,,,,,,,,,,,,,
Gipuzkoa,Gipuzkoa,Spain,West,West,Zuri,2017,fall,y,1,1,3140461,3140,3866871,3867,0.8121,1.24E+12,1237436548,4.2494,0.0089,1.5739,08/09/2017 06:00,9/22/17 23:00,14.7083,251,265,-2.69,42.80599,16.02409,-12.99847
