ID,total distance,cumulative distance,straightness,msd,intensity use,sinuosity,tac,start,end,time duration (days),julian_start,julian_end
X2HN_2015_fall,3075596.98041661,5239482.4880255,0.587003962213002,1033552404147.71,4.04801900592578,0.000859050180802293,5.24553028618933e-07,2015-09-10 10:00:00,2015-10-14 21:00:00,34.4583333333333,253,287
X2HN_2018_fall,2774733.76088458,3461319.69281064,0.801640416702293,1073442662097.29,3.87471703592015,0.000674300891297433,5.31415086721127e-07,2018-09-01 11:00:00,2018-09-22 22:00:00,21.4583333333333,244,265
X2HN_2018_spring,2988464.05202105,6610716.65104283,0.452063552224649,773004246477.35,4.82631361999764,0.000661200730502202,8.31472045690642e-07,2018-03-18 12:00:00,2018-05-05 23:00:00,48.4583333333333,77,125
X2HP_2016_fall,1043021.92491673,2361974.59841399,0.441588967814089,201059711749.789,3.83518113533354,0.00168173297223273,9.42576104451286e-07,2016-07-25 07:00:00,2016-10-10 11:00:00,77.1666666666667,207,284
X2HP_2018_fall,1570373.04198973,1881554.85864888,0.83461453955023,226902827336.049,3.73816988736319,0.00157694330885817,6.47208281103743e-07,2018-08-23 06:00:00,2018-08-31 18:00:00,8.5,235,243
X2HP_2018_spring,1660930.42452222,3021064.93298295,0.549783093500823,152525109776.726,4.86149396472078,0.00198197858878523,5.5004081435768e-07,2018-04-23 08:00:00,2018-05-17 20:00:00,24.5,113,137
X95N_2018_fall,2788166.58839361,3090145.23231763,0.902276876579831,733530705239.241,5.91097636172085,0.00090616828382836,4.63639486343262e-07,2018-09-09 06:00:00,2018-09-21 19:00:00,12.5416666666667,252,264
X95P_2018_fall,3058447.31335354,5116371.89192166,0.597776584259361,830275883562.55,5.18762341801696,0.00204655003084041,7.48227710133674e-07,2018-09-23 07:00:00,2018-11-05 19:00:00,43.5,266,309
X95R_2016_fall,2928872.65689442,4094111.75426001,0.715386592426761,1082920964055.03,4.13528754507029,0.00105029931832527,6.35114504513845e-07,2016-09-07 07:00:00,2016-10-01 21:00:00,24.5833333333333,251,275
X9FC_2017_fall,1561587.0365466,1806933.11691857,0.864219611631024,224832044051.908,4.11413465865575,0.000257279179404734,4.48958518299744e-07,2017-09-10 07:00:00,2017-09-16 20:00:00,6.54166666666667,253,259
X9FH_2017_fall,2984699.35828796,5034565.57198771,0.592841490613374,960174519372.148,4.70186861433567,0.000627208567157186,8.74870552375919e-07,2017-10-08 00:00:00,2017-11-21 23:00:00,44.9583333333333,281,325
X9FJ_2017_fall,2891366.48610345,5195569.11192818,0.556506212084707,781592610408.965,4.5983575474369,0.000292334501530075,7.708273421096e-07,2017-08-12 08:00:00,2017-09-18 20:00:00,37.5,224,261
A75657_2007_fall,2811934.07362551,4079989.31992094,0.689201331948583,836458659964.458,3.80816437853161,0.00072745786783737,7.43179326735389e-07,2007-09-08 00:00:00,2007-09-25 18:00:00,17.75,251,268
A75657_2008_fall,2800207.69060157,3442669.87445276,0.813382575942366,798149387927.974,3.53898912243982,0.000180656624189387,4.89718205762022e-07,2008-09-02 00:00:00,2008-09-13 22:00:00,11.9166666666667,246,257
A75657_2008_spring,2939257.76136832,3569267.33071089,0.823490506322739,734425808153.299,3.93988311676786,0.00061602362662028,5.81377120640728e-07,2008-03-01 01:00:00,2008-03-14 21:00:00,13.8333333333333,61,74
A75657_2009_fall,2824550.74159592,3712916.08758099,0.760736487162613,934683500779.624,4.97577000760698,0.000321746655916813,7.47982591136634e-07,2009-09-15 00:00:00,2009-10-01 20:00:00,16.8333333333333,258,274
A75657_2009_spring,2943445.98886291,3487633.75822534,0.843966480689378,523445195013.054,5.73910843773425,0.00151593584330921,6.54179830614083e-07,2009-02-23 01:00:00,2009-03-17 23:00:00,22.9166666666667,54,76
A75657_2010_fall,2829988.71932426,3534353.44603828,0.80070902996316,825269065751.647,4.30577454618486,0.000179559533976889,1.00782066041901e-06,2010-09-10 02:00:00,2010-09-24 22:00:00,14.8333333333333,253,267
A75657_2010_spring,2919416.87898321,3499175.31861532,0.834315692458207,822230464644.875,4.95646325427355,0.000538462041884997,5.23239295985523e-07,2010-03-03 01:00:00,2010-03-24 17:00:00,21.6666666666667,62,83
A75657_2011_fall,2826527.34933638,3426767.75480696,0.824837733859092,813462247317.144,3.99882431195637,0.000626985088678866,7.01452384551243e-07,2011-09-05 00:00:00,2011-09-16 22:00:00,11.9166666666667,248,259
A75657_2011_spring,2839452.07284466,3396848.72693063,0.835907719508714,1090101671499.74,4.14218089453838,0.000733565597817993,7.6475163122215e-07,2011-02-28 01:00:00,2011-03-21 19:00:00,21.75,59,80
A75657_2012_fall,2821434.41796188,3451448.45536889,0.817463871892107,705009743313.249,4.14580224955876,0.00144389064839234,6.04526627719848e-07,2012-08-31 00:00:00,2012-09-11 22:00:00,11.9166666666667,244,255
A75657_2012_spring,2959742.26108263,3549477.2030071,0.833853013219848,608186646890.901,4.20071261224752,0.00122167322055013,5.77907247194749e-07,2012-02-26 13:00:00,2012-03-14 19:00:00,17.25,57,74
A75657_2013_fall,2823670.40193629,3531256.7093843,0.799621957370701,1120758335886.91,3.4254029453917,0.00166946755698365,8.47286525832066e-07,2013-09-09 00:00:00,2013-09-21 22:00:00,12.9166666666667,252,264
A75657_2013_spring,2922998.06456181,3443968.18013542,0.848729695419798,740081663284.456,4.61373265317501,0.000227590999343244,8.59008439268707e-07,2013-02-25 01:00:00,2013-03-22 23:00:00,25.9166666666667,56,81
A75658_2009_fall,2597271.64473249,4410820.17551158,0.588840973194118,691722731296.41,4.07656761166157,0.00105266252462238,9.89937287108842e-07,2009-09-08 08:00:00,2009-10-08 22:00:00,30.5833333333333,251,281
A75659_2009_fall,2788616.22489739,3372648.41058878,0.826832769209572,846040085158.188,3.47692835099357,0.000282638211686281,8.21760090316457e-07,2009-09-07 12:00:00,2009-09-24 22:00:00,17.4166666666667,250,267
A75659_2010_fall,2891524.35544598,3478370.66498313,0.831287011633074,916510867898.083,4.1979379330092,0.00186858185031559,6.38234655583795e-07,2010-09-08 00:00:00,2010-09-25 22:00:00,17.9166666666667,251,268
A75659_2010_spring,3129245.09664019,4408278.04014801,0.709856562617163,813780269705.465,3.68384616523151,0.000797088421409061,6.82425921934106e-07,2010-02-28 01:00:00,2010-03-19 23:00:00,19.9166666666667,59,78
A75659_2011_spring,2989196.05241662,3645449.4364732,0.819980116171499,896086933920.005,4.72115341273653,0.000320066009660267,8.52148766758516e-07,2011-02-26 01:00:00,2011-03-20 21:00:00,22.8333333333333,57,79
A80419_2008_fall,2790821.65777398,3252749.08395153,0.857988607711363,886947110928.055,3.8397229521451,0.00140933736269096,5.1969591945769e-07,2008-09-19 00:00:00,2008-10-03 22:00:00,14.9166666666667,263,277
A80419_2009_fall,2737350.49067156,3114378.93360226,0.878939444759663,794989972827.621,3.57528565433458,0.00189260146485861,5.844103215883e-07,2009-09-04 00:00:00,2009-09-19 22:00:00,15.9166666666667,247,262
A80419_2009_spring,3083915.0958406,3462401.23200755,0.890686806408193,1088084946158.05,4.09712007297298,0.00159738461811488,7.99029692350785e-07,2009-02-16 01:00:00,2009-03-09 17:00:00,21.6666666666667,47,68
A80419_2010_fall,2803270.9835392,3345132.66630939,0.838014890043806,613192745330.466,4.18565422829922,0.00057671142431343,7.5558242221856e-07,2010-09-10 12:00:00,2010-09-28 22:00:00,18.4166666666667,253,271
A80419_2010_spring,3091698.02544714,3596896.03111538,0.85954611940463,897134280221.211,4.10861493375661,0.000695909237661313,5.87209778237662e-07,2010-02-13 01:00:00,2010-03-01 23:00:00,16.9166666666667,44,60
A80419_2011_spring,3083765.65408338,3672451.26672193,0.839702266991817,837106325271.49,3.57877062947876,0.00242553682381555,8.84521243876071e-07,2011-02-18 07:00:00,2011-03-06 23:00:00,16.6666666666667,49,65
A80420_2009_fall,2678183.10586801,3701403.04573182,0.723558897201507,744025194319.492,3.56865314820777,0.0012422547158939,5.90045419496118e-07,2009-09-02 02:00:00,2009-09-21 23:00:00,19.875,245,264
A80420_2010_fall,2779831.52595048,3864580.33344039,0.719310063733562,696852702303.433,3.13014442879416,0.000201475233408136,7.55721428514283e-07,2010-09-08 00:00:00,2010-09-23 23:00:00,15.9583333333333,251,266
A80420_2010_spring,2864986.8717496,3577557.03670556,0.800822137105008,773371478843.189,3.55910193311352,0.000421099408407564,6.02775892810536e-07,2010-02-26 13:00:00,2010-03-16 17:00:00,18.1666666666667,57,75
A80420_2011_fall,2693970.72682951,3230061.07134884,0.834030895181971,742229085994.89,3.36022613061377,0.0022896374989486,6.11618488804502e-07,2011-09-04 02:00:00,2011-09-16 23:00:00,12.875,247,259
A80420_2011_spring,2786084.18588477,3491590.55722123,0.797941264940888,906403661554.554,3.45888531730308,0.00164090383976284,8.50512124475696e-07,2011-02-25 01:00:00,2011-03-18 21:00:00,21.8333333333333,56,77
A80420_2012_fall,2462161.08435581,2776471.72693561,0.886794942109239,529680300517.829,3.93225894780672,0.000140188477008853,5.4204389708467e-07,2012-09-02 02:00:00,2012-09-16 23:00:00,14.875,246,260
A80420_2012_spring,2896821.18820365,4040035.52780802,0.717028642016761,972275225752.952,3.27952813935918,0.00033655187291058,8.5390439920615e-07,2012-02-17 01:00:00,2012-03-09 23:00:00,21.9166666666667,48,69
A80420_2013_spring,2892783.0765831,4562521.90800886,0.634031602457672,1102024977582.96,3.82910705318016,0.00149275356751103,8.42447926137585e-07,2013-02-10 01:00:00,2013-03-15 23:00:00,33.9166666666667,41,74
A89730_2009_fall,2523174.56451915,2676507.761768,0.942711469236477,744778774152.821,4.33803917247191,0.00109011189165346,2.74879324351701e-09,2009-08-21 02:00:00,2009-09-01 02:00:00,11,233,244
A89730_2010_fall,2349726.13433999,2565691.56852912,0.915825644501401,729023447996.256,4.58869783227252,0.0012886971841421,1.99117156659172e-08,2010-08-14 02:00:00,2010-08-30 02:00:00,16,226,242
A89730_2010_spring,2529839.51881138,2890008.24082688,0.87537450000058,807417344481.91,3.49664915936728,0.00111788581527454,2.46662462442023e-08,2010-03-08 01:00:00,2010-03-26 01:00:00,18,67,85
A89730_2011_fall,2692752.71647244,2840249.29741168,0.948069142707416,784746581974.305,4.42739074397646,0.000489837922296525,3.27748852728179e-09,2011-08-28 02:00:00,2011-09-09 02:00:00,12,240,252
A89730_2011_spring,2597480.09215073,3347216.69103654,0.776011932273906,884593447930.147,4.15062723082487,0.00063779645091127,3.30532047801227e-07,2011-02-22 01:00:00,2011-03-22 01:00:00,28,53,81
A89730_2012_fall,2406801.8493044,2593981.42900812,0.927840817358786,760876586339.242,3.76193104820183,0.00136128619962767,1.70426678385816e-09,2012-08-07 02:00:00,2012-08-18 02:00:00,11,220,231
A89730_2012_spring,2695543.09975548,3405007.00343625,0.791640985476742,682390181307.253,3.22869527072542,0.000771709865116698,5.25397349486907e-09,2012-02-27 01:00:00,2012-03-16 01:00:00,18,58,76
A89730_2013_spring,2666340.56165914,2963096.6800324,0.899849329799792,848945054473.927,3.54112319633452,0.000229627417155271,7.46058124965132e-07,2013-02-21 01:00:00,2013-03-15 01:00:00,22,52,74
A89731_2009_fall,2504609.34229792,3051759.7480042,0.820709868768631,750128160932.824,3.33336886404145,0.000279489933522206,1.20365124062255e-07,2009-09-08 02:00:00,2009-09-22 02:00:00,14,251,265
A89731_2010_fall,2537952.87961821,3166361.85171386,0.801535957820009,677752483055.764,3.64844667293252,0.000339943798882668,3.57148822313196e-07,2010-09-06 02:00:00,2010-09-28 02:00:00,22,249,271
A89731_2010_spring,2736436.50351552,3111973.32241692,0.879325180522517,777830520649.524,3.99934566650467,0.000706050004703385,2.66019198269212e-08,2010-02-27 01:00:00,2010-03-15 01:00:00,16,58,74
A89731_2011_fall,2780811.01825042,3093886.57470669,0.898808327682165,868109882261,3.9920237871422,0.000582417319275234,2.98789304369713e-07,2011-09-11 02:00:00,2011-09-26 02:00:00,15,254,269
A89731_2011_spring,2819253.70938779,3806072.91638541,0.74072509153745,948026334278.171,3.31554887307964,0.00093531954525244,2.77619179491418e-07,2011-02-18 01:00:00,2011-03-15 01:00:00,25,49,74
A89731_2012_spring,2852979.08091578,3461631.26131553,0.824171861630217,766168919315.256,3.55264268635358,0.00069126211372432,4.03429079907304e-08,2012-02-22 01:00:00,2012-03-13 01:00:00,20,53,73
Agri_2013_fall,4493695.12154966,5296548.94745621,0.848419445591617,1876572756319.22,4.49120019478894,0.00049223435201386,6.23172306032702e-07,2013-09-11 00:00:00,2013-09-27 23:00:00,16.9583333333333,254,270
Agri_2014_spring,4560508.91397221,6251532.7339764,0.729502524906626,2086040029179.74,3.24458807336416,0.00123725341103302,7.51300256023972e-07,2014-03-21 00:00:00,2014-04-07 23:00:00,17.9583333333333,80,97
Amud_2018_fall,2993095.01929633,6045259.99255653,0.495114357857511,280712051114.598,9.5274869288944,0.000374508123672664,7.40742258865157e-07,2018-09-18 05:00:00,2018-11-13 18:00:00,56.5416666666667,261,317
Aoos_2015_fall,3194896.95016729,7232630.05640452,0.441733771152611,2366104428975.55,3.43628683840004,0.000207232228003472,9.01922548177587e-07,2015-09-04 00:00:00,2015-10-01 22:00:00,27.9166666666667,247,274
Aoos_2016_fall,3202527.97994956,6273891.351686,0.510453210046255,1695011639665.99,3.03335743813925,0.00106980795218433,6.71777410856913e-07,2016-09-21 00:00:00,2016-10-09 22:00:00,18.9166666666667,265,283
Aoos_2016_spring,3558359.28361212,7339760.06639764,0.484805940714976,1791999862380.99,3.81815530010262,0.000591909572042591,6.90205814204627e-07,2016-03-16 05:00:00,2016-04-18 13:00:00,33.3333333333333,76,109
Aoos_2017_fall,3194934.22069928,6446228.39849508,0.495628454841154,2243788469598.71,3.17266237983205,0.000897867079680381,8.86800192805608e-07,2017-09-13 10:00:00,2017-10-04 22:00:00,21.5,256,277
Aoos_2017_spring,3193134.5924622,8619325.01034008,0.370462256456462,1875578219294.94,3.98619355477329,0.000528559056237967,9.01700966240133e-07,2017-03-08 03:00:00,2017-04-13 18:00:00,36.625,67,103
Aoos_2018_fall,3063018.80256064,6381476.99270316,0.479985872559443,1566725214778.57,3.1932592169343,0.000297238433741889,8.66058764474171e-07,2018-08-13 16:00:00,2018-09-04 22:00:00,22.25,225,247
Aoos_2018_spring,3218787.13922248,7317031.09512164,0.439903438618497,1849893544574.53,3.57868091353411,0.000194557983468811,7.39308477415283e-07,2018-03-04 05:00:00,2018-04-05 06:00:00,32.0416666666667,63,95
Aras_2012_fall,3853778.77986959,5088693.32372978,0.757321877091415,1335246290996.02,3.51983701648647,0.000985613197584786,6.21078725724403e-07,2012-09-04 00:00:00,2012-09-23 22:00:00,19.9166666666667,248,267
Arda_2012_fall,3464250.06438108,6073638.94937815,0.570374711643959,1197481479014.8,3.72390266889035,0.000216218473719246,8.5061295650476e-07,2012-09-20 05:00:00,2012-10-14 23:00:00,24.75,264,288
Ardahan_2013_fall,4267712.62632451,5725883.06373574,0.745337021175582,2326462277804.52,4.66172495886869,0.000661302706419362,8.57482419463853e-07,2013-08-22 00:00:00,2013-09-16 14:00:00,25.5833333333333,234,259
Ardahan_2014_spring,4220297.55844031,6421626.45169745,0.657200724798426,1558668213761.03,3.67946604270344,0.000240901603084448,5.96958897873518e-07,2014-04-10 00:00:00,2014-04-29 23:00:00,19.9583333333333,100,119
Armenia2_2015_fall,4693774.51201913,7031822.48861791,0.66750469307448,1675722508089.6,5.35038010423571,0.00035297922893167,7.41606498749984e-07,2015-08-31 00:00:00,2015-10-11 21:00:00,41.875,243,284
Armenia3_2015_fall,4838648.93923551,5278825.82371398,0.91661462242208,2067628229557.67,4.53556567661473,0.000410653489021413,9.14052565764706e-07,2015-09-20 00:00:00,2015-10-09 21:00:00,19.875,263,282
Arpacay_2012_fall,1305547.50670526,1827896.10428369,0.714235072576442,139588650170.679,3.50100252043378,0.000489975791326924,9.5203178703376e-07,2012-08-29 04:00:00,2012-09-26 20:00:00,28.6666666666667,242,270
Asparuh_2013_fall,1007719.99495895,1589166.48677764,0.634118579358106,117663771704.494,3.53168840802069,0.000233417902796043,7.19877545671319e-07,2013-09-04 05:00:00,2013-09-10 22:00:00,6.70833333333333,247,253
Batuecasa_2017_fall,2686258.02022694,3218783.08671408,0.834557019798819,725279258054.509,3.81875774630393,0.000533185091836509,6.47698159983824e-07,2017-09-13 01:00:00,2017-09-25 21:00:00,12.8333333333333,256,268
Batuecasa_2018_fall,2727475.04287852,3207470.9424555,0.850350663127279,913906913628.444,3.77017215045123,0.000250625834501486,3.75559468602499e-07,2018-09-21 06:00:00,2018-09-30 21:00:00,9.625,264,273
Batuecasa_2018_spring,2660859.58343565,3357409.71661399,0.792533473132133,846391522974.123,3.7741316961126,0.000649186423782344,8.00146100884406e-07,2018-02-14 02:00:00,2018-03-07 20:00:00,21.75,45,66
Belgin_2018_fall,748554.832547232,897804.130857955,0.833761849404615,55601912874.4675,3.79417370827352,0.00271638997133974,7.98639940024241e-07,2018-09-14 02:00:00,2018-09-17 23:00:00,3.875,257,260
Berenice_2013_fall,801595.202867572,1476652.57675301,0.542846174846481,54114334698.3841,4.59485775482488,0.00179278250972837,7.28439257188533e-07,2013-08-30 00:00:00,2013-09-12 17:00:00,13.7083333333333,242,255
Boris_2015_fall,4340233.17790345,5650123.66900638,0.76816604948166,2026951086623.11,3.62063768138757,0.00249512396738863,6.4978452591658e-07,2015-09-14 05:00:00,2015-09-28 22:00:00,14.7083333333333,257,271
Boris_2016_fall,4399277.66645614,5440475.37487565,0.808620086173387,1945645101524.84,3.88839209225163,0.000343409974589149,7.10157672007754e-07,2016-09-24 05:00:00,2016-10-05 22:00:00,11.7083333333333,268,279
Boris_2016_spring,4558259.25744398,5751413.18786749,0.792545954976692,2148467830503.01,3.61111635366746,0.000573938800612511,8.52870652173968e-07,2016-03-01 03:00:00,2016-03-20 22:00:00,19.7916666666667,61,80
Boris_2017_fall,4592746.62835282,5912827.14603952,0.776742920927274,2060655294021.89,3.59996800568096,0.000151215427748773,6.53840714931922e-07,2017-09-22 05:00:00,2017-10-06 22:00:00,14.7083333333333,265,279
Boris_2017_spring,4558379.912089,6453166.67914585,0.706378765454786,2306713534019.84,3.94654258272682,0.000556925956748823,9.36270576144842e-07,2017-03-01 03:00:00,2017-03-22 22:00:00,21.7916666666667,60,81
Boris_2018_fall,4603541.34328888,5939180.98838041,0.775113833421711,2207945125995.75,3.61000239160361,0.00198811239564673,6.77597252120491e-07,2018-09-22 05:00:00,2018-10-06 22:00:00,14.7083333333333,265,279
Boris_2018_spring,4602350.97774838,6093585.94404127,0.755277929943514,2267765749022.76,3.70570528299163,0.00220347541752589,9.58962464712071e-07,2018-02-27 03:00:00,2018-03-17 22:00:00,18.7916666666667,58,76
Brieva_2016_fall,3022677.81441871,3841962.25207609,0.786753647250265,706889259491.663,5.07289071976639,0.0011712668926162,7.95645646386293e-07,2016-09-09 06:00:00,2016-10-06 22:00:00,27.6666666666667,253,280
Bruco_2017_fall,2665661.94606987,3451105.89758413,0.772408041125573,940735775501.124,4.06578130576377,0.00104564130252316,5.49762778327642e-07,2017-09-06 08:00:00,2017-09-22 20:00:00,16.5,249,265
Cabuk_2014_fall,4013388.78702695,4792213.32164239,0.837481246692808,1773138275701.77,4.41459594769983,0.000376823374943087,5.55660269304126e-07,2014-09-08 05:00:00,2014-09-21 21:00:00,13.6666666666667,251,264
Cabuk_2015_fall,4145200.64699714,5300018.2858559,0.782110631214121,1737986576916.25,3.87565323165696,0.00132821569748286,5.16113634369299e-07,2015-10-06 05:00:00,2015-10-27 17:00:00,21.5,279,300
Cabuk_2015_spring,3809929.75800317,5604520.90252321,0.679795797761751,1141604884611.27,4.09462191057651,0.00185086832693955,6.64845217741229e-07,2015-05-28 09:00:00,2015-06-18 21:00:00,21.5,148,169
Camaces_2017_fall,949546.100800383,1378458.10431536,0.688846543705438,68605857152.4814,4.47312601912717,0.000354448986656244,5.16587465701833e-07,2017-09-07 01:00:00,2017-09-11 22:00:00,4.875,250,254
Castor_2014_fall,4567642.77594074,6691898.34238026,0.682563084829538,2204181800017.04,4.09328909954119,0.000547898870433771,8.58813159517457e-07,2014-08-22 05:00:00,2014-09-17 22:00:00,26.7083333333333,234,260
Castor_2015_fall,5116633.37745311,11150582.7593457,0.458866903002416,3102212932078.63,5.44403104586888,0.0015121260184012,1.02842505793368e-06,2015-08-11 05:00:00,2015-10-15 22:00:00,65.7083333333333,223,288
Castor_2015_spring,5094972.24937222,7646594.00418353,0.666306102636639,2337712128778.05,4.94606727127759,0.000724860878343258,8.53666067525916e-07,2015-03-07 03:00:00,2015-04-05 23:00:00,29.8333333333333,66,95
Dobromir_2012_fall,3688111.33428123,9632931.75395892,0.382864887708303,1141782150852.58,5.25837203991147,0.000970626330127159,8.54876250904247e-07,2012-09-08 05:00:00,2012-10-31 22:00:00,53.7083333333333,252,305
Dobromir_2014_fall,4546477.91461653,11343524.7382859,0.400799400495999,2545662956589.52,4.43547381562789,0.000758306042919547,9.58454749507568e-07,2014-07-30 05:00:00,2014-10-02 22:00:00,64.7083333333333,211,275
Dobromir_2014_spring,3695987.28028507,10379210.0957986,0.356095237129959,1896207278021.17,5.15907222519365,0.000507725036078024,8.99279398562461e-07,2014-04-18 05:00:00,2014-06-03 23:00:00,46.75,108,154
Dobromir_2015_spring,4180586.84167311,5793569.96255475,0.721590809931226,1760148127054.52,3.36513690215513,0.00128102076676032,6.92602657853237e-07,2015-04-30 01:00:00,2015-05-15 23:00:00,15.9166666666667,120,135
Dobromir_2016_fall,3718265.31548845,7228373.11952897,0.51439864185245,1769208047644.9,4.37652235548547,0.00193792891473376,8.87683542751632e-07,2016-08-12 03:00:00,2016-09-25 19:00:00,44.6666666666667,225,269
Dobromir_2016_spring,4053555.75611407,6805152.04837281,0.595659836444554,1727709812292.61,3.73482791433341,0.00115168261408261,8.82992914207413e-07,2016-05-01 03:00:00,2016-05-30 23:00:00,29.8333333333333,122,151
Douro_2017_fall,2650868.20286529,3398934.48689076,0.779911532007851,848401665502.569,3.46489724181719,0.000941801608551968,7.17502633766702e-07,2017-08-28 07:00:00,2017-09-09 20:00:00,12.5416666666667,240,252
Douro_2018_fall,2649372.71061102,3626119.99047647,0.730635698093073,1033196786921.8,4.01024534950065,0.0025224099075926,5.68178720034075e-07,2018-08-29 08:00:00,2018-09-17 20:00:00,19.5,241,260
Douro_2018_spring,2636005.71641486,4289487.87396696,0.614526907142659,889716710124.274,4.34969661913474,0.000776950451240445,5.40069523619694e-07,2018-02-03 06:00:00,2018-02-25 19:00:00,22.5416666666667,34,56
Ekhi_2018_fall,3024728.17480237,3558124.83293408,0.850090515882248,843105136638.489,4.21978586120398,0.000369373965090493,6.6871208443302e-07,2018-09-01 06:00:00,2018-09-16 23:00:00,15.7083333333333,244,259
Endoia_2017_fall,1917003.76838897,2152093.48887938,0.890762310417645,173456629119.382,3.76382516793564,0.000497793723750351,4.92903474106753e-07,2017-09-03 06:00:00,2017-09-11 17:00:00,8.45833333333333,246,254
Faia_2017_fall,2639074.86421179,3295461.96707769,0.800820913904233,555522237496.25,4.14430977012206,0.00153918053704207,3.88593462751339e-07,2017-08-23 08:00:00,2017-09-05 20:00:00,13.5,235,248
Faia_2018_spring,2700576.41285851,3319550.63139222,0.813536744196575,618891069936.27,4.29023624952864,0.000456475129377456,7.11757045518819e-07,2018-02-25 07:00:00,2018-03-17 18:00:00,20.4583333333333,56,76
Gardon_2016_fall,3152084.70473812,3894332.63377384,0.809403048265951,1006826823060.71,4.15227918783096,0.00202334659559058,6.27136305449574e-07,2016-09-09 01:00:00,2016-09-23 23:00:00,14.9166666666667,253,267
Gardon_2017_fall,3330384.59508325,3908327.92251625,0.852125169921538,1322450461797.78,4.1596193066299,0.00047491638439333,6.26930089869841e-07,2017-09-08 05:00:00,2017-09-24 23:00:00,16.75,251,267
Gardon_2017_spring,3334056.45153301,4980836.07658858,0.669376867711844,1387319045386.73,3.81737351761609,0.00124342790443531,7.99213993702729e-07,2017-02-28 00:00:00,2017-03-31 17:00:00,31.7083333333333,59,90
Gardon_2018_fall,3391305.68686202,4108110.21776803,0.825514776160153,1262976920671.9,3.83870845575856,0.000933966857902302,7.81734752895216e-07,2018-09-09 05:00:00,2018-09-26 23:00:00,17.75,252,269
Gardon_2018_spring,3376792.85073791,4899069.78792739,0.68927224900107,1279839520453.63,3.85529693401936,0.000343902834010016,7.97642757539064e-07,2018-02-28 00:00:00,2018-03-23 23:00:00,23.9583333333333,59,82
Gurman_2017_fall,4200481.55647278,5506514.48002812,0.762820396043221,1332894304292.07,4.28526744072001,0.000872925302070451,4.70485472534139e-07,2017-09-24 06:00:00,2017-10-19 16:00:00,25.4166666666667,267,292
H36_2018_fall,2635334.10708298,5044973.53194288,0.522368272181615,624694332127.312,5.53992990714445,0.00131288197529967,6.91269887637778e-07,2018-08-29 06:00:00,2018-09-22 10:00:00,24.1666666666667,241,265
Haydi_2014_fall,5476570.33313033,7562333.37856781,0.724190545295361,2491355307995.98,4.17504879209746,0.000227321212749411,7.84084961762225e-07,2014-09-19 05:00:00,2014-10-29 20:00:00,40.625,262,302
Haydi_2015_fall,5412934.96188634,7027792.64400171,0.770218365293736,2713122614004.2,3.91112321580043,0.00105537355823924,8.40465118917362e-07,2015-09-20 07:00:00,2015-10-14 21:00:00,24.5833333333333,263,287
Haydi_2015_spring,5332338.31689863,8421522.07786141,0.633179877413887,2717705782766.86,4.01572436368055,0.00108451446187959,8.12001544467873e-07,2015-04-11 05:00:00,2015-05-12 21:00:00,31.6666666666667,101,132
Huebra_2017_fall,2783682.70130612,3445526.72704415,0.807912090612105,918539477491.912,4.1109510082064,0.0017297554995044,6.51564831353894e-07,2017-09-20 00:00:00,2017-10-06 21:00:00,16.875,263,279
Huebra_2018_fall,2735007.8412147,3446354.82252554,0.793594386549684,851773995329.824,4.39056942834915,0.000274943685989996,6.0623751466308e-07,2018-09-26 06:00:00,2018-10-16 21:00:00,20.625,269,289
Huebra_2018_spring,2612122.9370196,3633016.76523264,0.718995563691635,795448915598.504,3.21543169394812,0.000986382643560224,6.65338256638678e-07,2018-02-09 06:00:00,2018-02-26 20:00:00,17.5833333333333,40,57
Ibrahim_2013_fall,777542.436595576,1460872.16006726,0.532245365371176,55902640187.2423,4.62803117030541,0.0032406919856229,1.26673995463832e-06,2013-09-06 07:00:00,2013-09-15 23:00:00,9.66666666666667,249,258
Igdir_2012_fall,5095082.29965021,6463129.31135158,0.788330552307133,2656577071953.71,4.9957508466111,0.00147750318165925,6.4820864185242e-07,2012-09-20 00:00:00,2012-10-11 18:00:00,21.75,264,285
Igdir_2013_fall,5051523.34311608,6008135.45479508,0.840780535179923,2364700555465.09,4.97169385816318,0.000170322841169938,5.96613194393829e-07,2013-09-25 00:00:00,2013-10-13 20:00:00,18.8333333333333,268,286
Igdir_2013_spring,5108768.58231231,5972348.64185081,0.855403608977709,2172299741751.19,4.56339638364362,0.00138277540112503,5.52496490753429e-07,2013-03-16 08:00:00,2013-04-03 20:00:00,18.5,75,93
Igdir_2014_fall,5100434.70713776,7310526.05888207,0.697683677762271,2429050577362.75,4.80558868333564,0.000246237402486409,5.96350347171876e-07,2014-10-06 07:00:00,2014-11-03 19:00:00,28.5,279,307
Igdir_2014_spring,5031684.07731971,5900966.63229666,0.852688108721159,2153919811946,4.859856208132,0.00107681601361836,6.84551963853606e-07,2014-03-03 01:00:00,2014-03-22 19:00:00,19.75,62,81
Ikaros_2012_fall,707317.489117679,1492701.69188356,0.473850530862032,47605330382.9102,4.9541294330541,0.00179450169489093,8.99024143506412e-07,2012-08-28 08:00:00,2012-09-04 21:00:00,7.54166666666667,241,248
Iliaz_2012_fall,3382554.25016693,6312967.07954622,0.535810532123046,1612686931820.5,3.72897427225454,0.000644202602734951,7.62726471024689e-07,2012-09-19 03:00:00,2012-10-16 22:00:00,27.7916666666667,263,290
Iliaz_2014_spring,2115739.85815038,15160179.420766,0.139559024957996,433268754327.265,10.167143579442,0.00138043215270918,9.63996082514905e-07,2014-03-29 05:00:00,2014-06-17 23:00:00,80.75,88,168
Iliaz_2015_fall,454351.285836973,7886701.82739097,0.0576097963104151,15938416199.781,23.2225178323489,0.000983655908825338,1.03723289236224e-06,2015-07-01 00:00:00,2015-11-02 23:00:00,124.958333333333,182,306
Iliaz_2015_spring,2741528.40107104,6729689.98819663,0.407378111901064,1046003679073.89,4.43583106790315,0.000228509093064471,7.94929802075182e-07,2015-04-09 00:00:00,2015-05-12 23:00:00,33.9583333333333,99,132
Iliaz_2016_fall,3344082.52149611,10678775.8961767,0.313152233365379,2308277312246.42,4.9747683398983,0.000919059204921842,9.96253265797397e-07,2016-08-26 04:00:00,2016-10-17 23:00:00,52.7916666666667,239,291
Iliaz_2016_spring,3582300.24392551,9348990.42690171,0.383175089538807,1622115896674.76,4.71906668307706,0.000666113049573022,9.71538763341252e-07,2016-03-17 05:00:00,2016-05-09 23:00:00,53.75,77,130
Iliaz_2017_fall,3428408.09998954,7105396.21081064,0.482507660132073,1398984731382.19,3.79850333422268,0.000226087658567142,7.78014280658395e-07,2017-09-01 05:00:00,2017-10-02 22:00:00,31.7083333333333,244,275
Iliaz_2017_spring,3884483.17054075,6713023.14831606,0.57864885681426,1674131634042.07,3.93007858443247,0.00139336537642154,8.91905316570512e-07,2017-04-06 02:00:00,2017-04-30 23:00:00,24.875,96,120
Iliaz_2018_fall,3350100.22751312,6703031.88911088,0.499788794523771,1863177910630.21,3.60836850327302,0.00107685527388884,7.71805836570199e-07,2018-08-27 05:00:00,2018-09-21 23:00:00,25.75,239,264
Iliaz_2018_spring,3853674.7617696,8240004.86160184,0.467678700012375,2197201521045.33,3.98582582731429,0.00168512868961356,8.45231780422213e-07,2018-03-16 05:00:00,2018-04-21 22:00:00,36.7083333333333,75,111
Ilina_2013_fall,815080.896159347,2443049.01271425,0.333632641800249,101092399190.75,4.88820046530702,0.000278937428194155,9.76410907725258e-07,2013-09-18 00:00:00,2013-10-03 22:00:00,15.9166666666667,261,276
Iste_2014_fall,4220193.01253432,5026573.44965971,0.839576513662606,1884637861955.09,4.07126841462139,0.000132464787643219,4.25745547772222e-07,2014-09-19 05:00:00,2014-10-03 21:00:00,14.6666666666667,262,276
Iste_2015_fall,4227155.25208312,4903166.71418783,0.862127579682616,1752670055183.43,4.20322178198287,0.00124140827200323,3.41692811358548e-07,2015-09-17 05:00:00,2015-09-29 21:00:00,12.6666666666667,260,272
Iste_2015_spring,4178825.44257642,5651400.4142809,0.739431846311343,1781772603990.92,4.66835274986352,0.00058140936695618,6.39047541385191e-07,2015-04-14 07:00:00,2015-04-29 21:00:00,15.5833333333333,104,119
Iste_2016_fall,4268861.53427449,4939116.44828628,0.864296596156516,1903863067639.1,3.95780359970631,0.000160630294906278,4.53079495338726e-07,2016-09-25 05:00:00,2016-10-09 21:00:00,14.6666666666667,269,283
Iste_2016_spring,4178475.90005383,5403705.277714,0.773261250439902,1900503798659.64,4.23867599002769,0.000675876897656581,4.92616047392832e-07,2016-03-22 04:00:00,2016-04-08 19:00:00,17.625,82,99
Iste_2017_fall,4297296.42255338,5164456.02670663,0.832090814662964,1930706787700.57,4.67755688161212,0.000980347053720222,5.65888339503953e-07,2017-09-24 05:00:00,2017-10-09 17:00:00,15.5,267,282
Iste_2017_spring,4181971.65000472,4923813.26909561,0.849335955986174,1351479553271.89,4.83767455830755,0.000198396173650517,7.34852997067199e-07,2017-03-13 05:00:00,2017-03-30 21:00:00,17.6666666666667,72,89
Iste_2018_fall,4306414.6836764,4943763.59534551,0.871080220690738,1680495131508.42,4.37494717697708,0.00102850796235501,5.52826156447013e-07,2018-09-16 05:00:00,2018-09-28 21:00:00,12.6666666666667,259,271
Iste_2018_spring,4185794.04294654,4969451.10755692,0.842305106208069,1684153641634.88,4.77904934879447,0.00113183054816791,5.03710284650295e-07,2018-03-16 05:00:00,2018-03-31 21:00:00,15.6666666666667,75,90
J4107_2018_fall,2851137.04277202,3780026.58534225,0.75426375407724,778990178935.346,4.26175147768524,0.000618821642513661,5.14500591601667e-07,2018-08-28 06:00:00,2018-09-09 20:00:00,12.5833333333333,240,252
Jenny_2015_fall,3332173.09850543,6435569.24143345,0.517774414895928,1651836529632.52,3.57447740441094,0.00217626449071379,7.52373335295865e-07,2015-09-14 05:00:00,2015-10-01 23:00:00,17.75,257,274
Jenny_2016_fall,3355176.21642389,6322840.2696898,0.53064383620567,1868703285366.42,3.25645546351326,0.000495352212526173,7.64744942261653e-07,2016-08-19 05:00:00,2016-09-12 22:00:00,24.7083333333333,232,256
Jenny_2016_spring,3531664.57979303,7552297.09522783,0.46762786676184,1645421586026.33,3.63642228765846,0.000304060318965499,7.22832117664148e-07,2016-03-16 05:00:00,2016-04-16 23:00:00,31.75,76,107
Jenny_2017_fall,3355890.32943142,6076843.43157101,0.55224235529857,1866869628199.51,3.0707360583981,0.000838394276131481,8.1839692692722e-07,2017-09-12 05:00:00,2017-09-30 22:00:00,18.7083333333333,255,273
Jenny_2017_spring,3409901.82309422,7170610.14131523,0.475538588194502,1600459830107.11,3.51320666120328,0.000229588503488599,6.83619996839777e-07,2017-03-14 02:00:00,2017-04-15 23:00:00,32.875,73,105
Jenny_2018_fall,3371185.98344721,5898001.64530895,0.571581051715801,2121769994147.04,3.19637376287876,0.0013840460152071,8.31963697751592e-07,2018-09-10 05:00:00,2018-10-04 22:00:00,24.7083333333333,253,277
Jenny_2018_spring,3373865.29156309,6512248.60229288,0.518079928701615,1663129294141.72,3.45733684373477,0.00101491750824938,8.31184790134709e-07,2018-03-04 05:00:00,2018-03-30 23:00:00,26.75,63,89
Kapchug_2017_fall,684680.237453427,936551.35212692,0.731065345107355,45660663831.4727,3.13488810579352,0.00170427961783382,5.73348747612926e-07,2017-09-20 06:00:00,2017-09-26 13:00:00,6.29166666666667,263,269
Katerina_2013_fall,1039471.03625239,1519823.00089843,0.683942166711467,90557196528.2255,5.72962250876593,0.00177011338733126,1.14424470238357e-06,2013-09-13 05:00:00,2013-09-18 15:00:00,5.41666666666667,256,261
Lazaros_2012_fall,3109205.58589722,7061513.61979491,0.440302993565213,1733134390032.22,3.53377627712474,0.000287310643507437,7.19067984633991e-07,2012-09-01 03:00:00,2012-09-22 22:00:00,21.7916666666667,245,266
Lazaros_2013_spring,3361494.84451036,7499172.83413566,0.448248749409948,1569081468198.37,3.79768756963224,0.000555697167004765,8.0137446524449e-07,2013-03-08 00:00:00,2013-03-31 15:00:00,23.625,67,90
Levkipos_2012_fall,3303858.14927873,6974365.03941104,0.473714543275144,1399587357109.21,3.82846850437513,0.00100611956168038,7.59370889515693e-07,2012-09-10 05:00:00,2012-10-14 22:00:00,34.7083333333333,254,288
Levkipos_2014_spring,1824475.96750679,12049401.1417445,0.15141631903896,514744727730.682,7.98993003123867,0.00128339849553661,8.75054933570513e-07,2014-04-30 02:00:00,2014-06-22 23:00:00,53.875,120,173
Lidia_2018_fall,3397030.63372773,6890737.2519489,0.492985076853272,843308858365.369,6.526365648276,0.000525552609910077,8.65011398607414e-07,2018-08-31 08:00:00,2018-11-16 20:00:00,77.5,243,320
Logiya_2014_fall,3696153.04708275,5010804.70333528,0.73763662044592,1562350046719.37,3.53004586110727,0.000406737337223404,6.15131585876482e-07,2014-08-23 04:00:00,2014-09-10 22:00:00,18.75,235,253
Logiya_2014_spring,3597975.5278221,6186011.0525579,0.581630956888502,1437327905675.08,4.0333208062624,0.000426817436611622,6.13680244483706e-07,2014-05-20 04:00:00,2014-06-15 19:00:00,26.625,140,166
Logiya_2015_fall,3804116.90606174,5103256.87448094,0.745429242467569,1468195521661.63,3.69397696857157,0.000833142860495622,7.43088668125604e-07,2015-09-08 00:00:00,2015-09-22 22:00:00,14.9166666666667,251,265
Logiya_2015_spring,4228707.26703297,14346113.7863908,0.294763259932071,2022655020918.81,6.45199991124173,0.000247507087550842,8.77194076065107e-07,2015-04-17 04:00:00,2015-06-19 16:00:00,63.5,107,170
Logiya_2016_fall,4086753.407054,4765729.50444939,0.857529451312441,1471545110846.84,3.98437468879391,0.000490664145797599,6.29572335465145e-07,2016-09-15 00:00:00,2016-09-27 18:00:00,12.75,259,271
Logiya_2016_spring,4150265.2028364,6818037.66209353,0.60871843315134,1911886584833.83,3.6241794438371,0.000265977073725241,6.23044913914514e-07,2016-04-16 05:00:00,2016-05-09 20:00:00,23.625,107,130
Logiya_2017_fall,4168234.68343071,5030533.24651608,0.828587046177946,1657145903201.34,4.05145089265707,0.000135967122320865,8.61953230589162e-07,2017-09-15 08:00:00,2017-09-27 22:00:00,12.5833333333333,258,270
Logiya_2017_spring,4165669.17890918,6862184.89362528,0.607047062048552,2274550896550.17,3.72885106978123,0.000488180723412947,5.93195832517908e-07,2017-04-06 04:00:00,2017-04-28 20:00:00,22.6666666666667,96,118
Logiya_2018_fall,4197196.74849509,4885026.88456775,0.859196243475021,1574758827843.5,3.77650280149649,0.000301673852310753,8.2437046486662e-07,2018-09-06 10:00:00,2018-09-19 20:00:00,13.4166666666667,249,262
Logiya_2018_spring,4166712.26541745,6144314.22704523,0.678141141785518,1708279134990.07,3.31480135604545,0.000482242294113933,5.53208798458839e-07,2018-03-22 04:00:00,2018-04-09 18:00:00,18.5833333333333,81,99
Macedonia_2011_fall,910403.454763322,1668138.32709887,0.545760168670569,56640120694.0469,4.64379810037225,0.000411878836040014,7.35738746529996e-07,2011-09-09 00:00:00,2011-09-19 08:00:00,10.3333333333333,252,262
Malysh_2017_fall,3019454.64237719,3730453.82277087,0.809406786902518,899863075606.255,3.86031766451876,0.000660689621410062,4.98969888946851e-07,2017-09-16 06:00:00,2017-10-02 17:00:00,16.4583333333333,259,275
Maria_2016_fall,2007708.13328713,3344495.37805112,0.600302259785764,469323482155.19,3.4834167911517,0.000847646537427521,8.45951644779528e-07,2016-09-25 05:00:00,2016-10-09 23:00:00,14.75,269,283
Orada_2015_fall,4315107.63295271,6383621.23342774,0.675965486541826,1841184890742.78,4.26205578968649,0.00118595828759722,8.27787290128036e-07,2015-08-28 03:00:00,2015-09-27 21:00:00,30.75,240,270
Orada_2016_fall,4278439.23408471,4756747.56506901,0.89944634975025,2020990425748.45,3.74592332889651,0.000196784911007204,2.10545407297397e-07,2016-09-15 03:00:00,2016-09-29 21:00:00,14.75,259,273
Orada_2016_spring,4404991.6268866,7395656.80217835,0.595618718487468,2520853554134.8,3.86648172532627,0.0002723985827167,8.78271258209394e-07,2016-03-14 02:00:00,2016-06-05 21:00:00,83.7916666666667,74,157
Ossau_2018_fall,3064030.56078379,3270854.27880493,0.936767675845008,528031078442.405,4.21386532678331,0.000183464293796316,3.90104167897607e-07,2018-09-01 05:00:00,2018-09-15 09:00:00,14.1666666666667,244,258
Paschalis_2013_fall,3358517.9852697,5368276.32172043,0.625623157973612,1498529443497.79,4.05109428275354,0.00103812213869949,7.76032845876407e-07,2013-09-08 04:00:00,2013-09-26 22:00:00,18.75,251,269
Poiares_2017_fall,2662917.00585707,3144764.65474462,0.846777834977071,551473805962.305,4.57871089306527,0.00300717524399836,4.45395352070635e-07,2017-09-22 08:00:00,2017-10-06 20:00:00,14.5,265,279
Provence_2017_fall,2911184.14610626,3679036.03540567,0.791289924341623,791329762511.916,4.07364678039364,0.000991309435457567,5.95036888797379e-07,2017-08-14 05:00:00,2017-08-31 18:00:00,17.5416666666667,226,243
Provence_2018_fall,3261484.80188694,4195867.5742391,0.777308803049723,1230728241760.14,3.9066041624239,0.000762058439713952,7.26292648453959e-07,2018-07-19 06:00:00,2018-08-14 18:00:00,26.5,200,226
Provence_2018_spring,3325693.30970084,5458639.85080592,0.609253110774442,1051331866682.74,4.05597731674794,0.000818724664242594,4.94444465494179e-07,2018-03-09 06:00:00,2018-04-06 18:00:00,28.5,68,96
Quel_2016_fall,3397781.94886787,4691952.90906789,0.724172218843278,792343875422.522,4.44114317187148,0.000766652364631601,6.62985211958141e-07,2016-09-02 06:00:00,2016-10-26 18:00:00,54.5,246,300
Redcliff_2013_fall,623699.041886368,1099870.85550514,0.56706570481852,26466360855.3522,3.5075521941642,0.000344901208172744,8.67133656968694e-07,2013-09-14 00:00:00,2013-09-21 22:00:00,7.91666666666667,257,264
Rupis_2016_fall,2986608.50510126,4155598.47358931,0.718695158851966,845193558965.009,4.78124081380892,0.000813065840034201,3.77511893605514e-07,2016-09-20 09:00:00,2016-10-10 20:00:00,20.4583333333333,264,284
Rupis_2017_fall,2921835.33786641,3615499.7184451,0.808141492297776,913253966710.396,4.41872241607608,0.000190018134392356,5.12528852271574e-07,2017-09-14 07:00:00,2017-09-29 20:00:00,15.5416666666667,257,272
Rupis_2017_spring,3062388.05825167,4194356.71862308,0.730121032542263,1201203823024.61,4.77460666620487,0.000932492151875175,4.21728033072678e-07,2017-04-02 09:00:00,2017-04-18 20:00:00,16.4583333333333,92,108
Rupis_2018_fall,2926530.38778268,3895700.21364643,0.751220634876164,1218946177154.89,4.71499775142566,0.00240703321969356,6.25480787817941e-07,2018-09-22 07:00:00,2018-10-13 20:00:00,21.5416666666667,265,286
Rupis_2018_spring,2704979.29391304,3090462.87719603,0.875266716152004,797145558242.167,4.0712457347556,0.00027521692278999,3.59033740832086e-07,2018-03-19 07:00:00,2018-04-01 20:00:00,13.5416666666667,78,91
Sanie_2013_fall,3457086.97161903,6766137.96199005,0.51093947404558,1822817079266.68,3.77574840463536,0.00139581013110438,7.11761042986866e-07,2013-09-18 09:00:00,2013-10-09 23:00:00,21.5833333333333,261,282
Sanie_2015_spring,3638623.21247678,10805500.2726692,0.336738061233508,1651544266064.02,5.07182135193538,0.00119831911218405,7.37285207132569e-07,2015-05-04 00:00:00,2015-06-18 23:00:00,45.9583333333333,124,169
Sanie_2016_fall,4250515.11740302,8920471.52360698,0.47648995976889,2424058632000.98,4.77004426137866,0.000749070372292752,7.82414490355217e-07,2016-08-21 05:00:00,2016-09-25 22:00:00,35.7083333333333,234,269
Sanie_2016_spring,3864778.91694529,7498363.11264662,0.515416346059184,1644812539567.05,3.94195640733442,0.000329428845919927,9.734099359165e-07,2016-04-13 00:00:00,2016-05-13 23:00:00,30.9583333333333,104,134
Sarygush_2017_fall,1190357.51239425,3131025.60972227,0.380181340164713,188473979898.922,4.98360137702237,0.0013786123135883,4.63783248348459e-07,2017-09-07 06:00:00,2017-09-22 17:00:00,15.4583333333333,250,265
Serhat_2014_fall,4071367.47352259,4704713.82935681,0.865380471840344,1363169933804.02,4.10517357143434,0.000680676322608184,3.29747757784571e-07,2014-09-20 01:00:00,2014-10-08 11:00:00,18.4166666666667,263,281
Spartacus_2010_fall,3571484.79838832,7185384.28323792,0.497048544323494,1608012779669.21,3.54770257809506,0.000278702919005721,8.85816050481667e-07,2010-09-13 11:00:00,2010-11-12 23:00:00,60.5,256,316
Svetlina_2012_fall,4329416.04900332,9296570.80034038,0.465700325634567,1038928998470.27,6.38044187843142,0.00113333027893344,9.32400147974723e-07,2012-09-07 05:00:00,2012-11-05 21:00:00,59.6666666666667,251,310
Svetlina_2014_spring,1138857.26022622,4409001.77002918,0.258302745072085,125556391792.706,7.55018650623792,0.000514448113732261,9.33366872214012e-07,2014-05-24 04:00:00,2014-06-10 22:00:00,17.75,144,161
Tuzluca_2013_fall,3756406.29644913,8776082.05859619,0.42802770887605,1197355200744.68,7.01580202670306,0.000445029190255135,7.92196516612713e-07,2013-08-23 00:00:00,2013-10-10 15:00:00,48.625,235,283
Tuzluca_2014_fall,4010194.190912,5240421.43070695,0.765242689722192,1898625080717.72,4.41097562862581,0.000335535809043069,7.3194986921446e-07,2014-09-06 00:00:00,2014-09-26 23:00:00,20.9583333333333,249,269
Tuzluca_2014_spring,4010903.01421832,5822089.93075749,0.688911209191245,1117391633511.35,3.63359526843652,0.000264093169685479,7.18842577509567e-07,2014-04-07 00:00:00,2014-04-29 22:00:00,22.9166666666667,97,119
Tuzluca_2015_fall,4148459.81446004,6216955.31218498,0.667281588196272,2016363465296.91,4.10605960936407,0.00133313145195847,7.77717662689507e-07,2015-07-30 01:00:00,2015-09-29 22:00:00,61.875,211,272
Tuzluca_2015_spring,4136699.8912594,6585865.62874789,0.62811787006439,1897636307894.57,4.07215532108689,0.000725331571766379,9.03163883640937e-07,2015-01-28 01:00:00,2015-04-05 22:00:00,67.875,28,95
Tuzluca_2016_spring,3888964.53827463,6102605.27137622,0.63726299921699,1413134605838.33,3.63348067784788,0.000923190203756908,7.8451142444442e-07,2016-03-14 00:00:00,2016-04-15 23:00:00,32.9583333333333,74,106
Volen_2012_fall,3625271.70743175,5511291.55704116,0.657789861035413,1692065687541.53,3.57486930667582,0.000988218374723223,9.33871829512147e-07,2012-09-05 07:00:00,2012-09-26 23:00:00,21.6666666666667,249,270
Volen_2014_spring,3877712.02117964,12713940.3206507,0.3049968714169,1639835729139.78,7.34749619149743,0.000870018503598364,8.22154985106412e-07,2014-04-29 05:00:00,2014-06-26 23:00:00,58.75,119,177
Zuri_2017_fall,3140460.79387647,3866870.68756732,0.812145284292443,1237436548062.98,4.24937789373772,0.000585420023932602,6.79157688026749e-07,2017-09-08 06:00:00,2017-09-22 23:00:00,14.7083333333333,251,265
